"kind","card_number","name","own_uses","classification","recovery","migration_change"
"action","ACT-item-completion-0489","Простой щит — Удар щитом","false","no separate charge pool","","false"
"action","ACT-item-completion-high-869-bind-door","Ключ странника — Запомнить дверь","false","no separate charge pool","","false"
"action","ACT-item-completion-high-856-retrieve","Переносная дыра — Достать объект из переносной дыры","false","no separate charge pool","","false"
"action","ACT-VAR-ACT-wild-shape-spider","Дикая форма — Паук","false","limited","Короткий отдых: +1; долгий отдых: все заряды","true"
"action","ACT-action-surge","Всплеск действий","true","limited","Короткий или долгий отдых","true"
"action","ACT-subclass-EFFECT-0115","Двуличность","false","limited","Короткий отдых: +1; долгий отдых: все заряды","true"
"action","ACT-item-completion-0601","Сапоги уворота — Невероятное уклонение","true","limited","Долгий отдых: 1к6 зарядов","true"
"action","ACT-item-influence-0428","Цепь соблазна — Рискованное преимущество","false","no separate charge pool","","false"
"action","ACT-item-completion-high-713-extinguish","Лампа — Погасить","false","no separate charge pool","","false"
"action","ACT-item-completion-0473","Перчатки ловли стрел — Отклонить выстрел","true","limited","Короткий или долгий отдых","true"
"action","ACT-item-completion-high-750-dig","Лопата — Выкопать яму","false","no separate charge pool","","false"
"action","ACT-item-completion-high-856-enter","Переносная дыра — Войти в переносную дыру","false","no separate charge pool","","false"
"action","ACT-item-completion-high-820-ignite-slow","Трутница — Развести огонь за минуту","false","no separate charge pool","","false"
"action","action_dodge","Уклонение","false","no separate charge pool","","false"
"action","ACT-item-completion-low-0056","Зелье огненного дыхания","false","no separate charge pool","","false"
"action","ACT-item-influence-0646","Верный  талисман — Преимущество к20","true","limited","Ежедневно","true"
"action","ACT-item-completion-high-853-form-longsword","Первичная сфера — Принять форму: Длинный меч","false","limited","Не чаще одного раза за ход","true"
"action","ACT-item-completion-high-853-form-light_hammer","Первичная сфера — Принять форму: Лёгкий молот","false","limited","Не чаще одного раза за ход","true"
"action","ACT-item-completion-low-0141","Ожерелье Лилли","false","no separate charge pool","","false"
"action","ACT-item-completion-high-751-forge-seal","Набор для фальсификации — Воспроизвести печать","false","no separate charge pool","","false"
"action","ACT-subclass-EFFECT-0125","Шаги феи","true","limited","Долгий отдых","true"
"action","ACT-item-completion-0382","Темное ожерелье — Заменить успешный бросок","true","limited","Ежедневно","true"
"action","ACT-item-completion-high-853-form-shortbow","Первичная сфера — Принять форму: Гоблинский короткий лук","false","limited","Не чаще одного раза за ход","true"
"action","action_basic_weapon_ranged","Дальнобойная атака оружием","false","no separate charge pool","","false"
"action","ACT-subclass-EFFECT-0085","Звёздный облик","false","limited","Короткий отдых: +1; долгий отдых: все заряды","true"
"action","ACT-item-completion-high-713-light","Лампа — Зажечь","false","no separate charge pool","","false"
"action","ACT-feat-brawler-push","Дебошир: толкнуть на 5 фт","false","no separate charge pool","","false"
"action","ACT-feat-musician-song","Ободряющая песня","true","limited","Короткий или долгий отдых","true"
"action","ACT-feat-crafter-fast-craft","Быстрое изготовление","true","limited","Долгий отдых","true"
"action","action_basic_heroic_inspiration","Использовать героическое вдохновение","false","limited","Получение нового Героического вдохновения; долгий отдых — при наличии соответствующей способности","true"
"action","ACT-item-completion-high-922-lower","Слуховой рог — Опустить от уха","false","no separate charge pool","","false"
"action","ACT-monk-martial-arts-unarmed-hit","Боевые искусства: безоружный удар","false","no separate charge pool","","false"
"action","ACT-monk-martial-arts-unarmed-miss","Боевые искусства: безоружный удар","false","no separate charge pool","","false"
"action","ACT-item-completion-high-853-form-quarterstaff","Первичная сфера — Принять форму: Посох теневого мага","false","limited","Не чаще одного раза за ход","true"
"action","ACT-feat-lucky-disadvantage","Очко удачи: Помеха","false","limited","Долгий отдых","true"
"action","ACT-item-completion-high-853-form-longbow","Первичная сфера — Принять форму: Длинный лук","false","limited","Не чаще одного раза за ход","true"
"action","ACT-reckless-attack","Безрассудная атака","false","no separate charge pool","","false"
"action","ACT-channel-divinity-divine-spark-heal","Божественная искра: исцеление","false","limited","Короткий отдых: +1; долгий отдых: все заряды","true"
"action","ACT-channel-divinity-divine-spark-radiant","Божественная искра: урон излучением","false","limited","Короткий отдых: +1; долгий отдых: все заряды","true"
"action","ACT-channel-divinity-turn-undead","Изгнание нежити","false","limited","Короткий отдых: +1; долгий отдых: все заряды","true"
"action","ACT-wild-companion","Дикий спутник","false","limited","Короткий отдых: +1; долгий отдых: все заряды","true"
"action","ACT-monk-flurry-of-blows","Шквал ударов","false","limited","Короткий или долгий отдых","true"
"action","ACT-monk-patient-defense","Терпеливая оборона","false","no separate charge pool","","false"
"action","ACT-monk-patient-defense-focus","Терпеливая оборона: Фокус","false","limited","Короткий или долгий отдых","true"
"action","ACT-monk-step-of-the-wind","Шаг ветра","false","no separate charge pool","","false"
"action","ACT-monk-step-of-the-wind-focus","Шаг ветра: Фокус","false","limited","Короткий или долгий отдых","true"
"action","ACT-monk-uncanny-metabolism","Необычный метаболизм","true","limited","Долгий отдых","true"
"action","ACT-cunning-dash","Хитрое действие: Рывок","false","no separate charge pool","","false"
"action","ACT-cunning-disengage","Хитрое действие: Отход","false","no separate charge pool","","false"
"action","ACT-cunning-hide","Хитрое действие: Засада","false","no separate charge pool","","false"
"action","ACT-font-create-slot-1","Создать ячейку 1 круга","false","limited","Долгий отдых; дополнительные способы восстановления — из способностей персонажа","true"
"action","ACT-font-convert-slot-1","Преобразовать ячейку 1 круга","false","spell slots","","false"
"action","ACT-magical-cunning","Магическая хитрость","true","limited","Долгий отдых","true"
"action","ACT-tactical-mind","Тактический ум","false","limited","Короткий отдых: +1; долгий отдых: все заряды","true"
"action","ACT-wild-companion-slot","Дикий спутник: ячейка","false","spell slots","","false"
"action","ACT-wild-shape-rat-bite","Крыса: Укус","false","no separate charge pool","","false"
"action","ACT-wild-shape-riding-horse-hooves","Верховая лошадь: Копыта","false","no separate charge pool","","false"
"action","ACT-wild-shape-spider-bite","Паук: Укус","false","no separate charge pool","","false"
"action","ACT-wild-shape-wolf-bite","Волк: Укус","false","no separate charge pool","","false"
"action","ACT-wild-shape-exit","Выйти из Дикого облика","false","no separate charge pool","","false"
"action","ACT-metamagic-quickened","Подготовить Ускоренное заклинание","false","limited","Долгий отдых; дополнительные способы восстановления — из способностей персонажа","true"
"action","ACT-metamagic-transmuted","Подготовить Преобразованное заклинание","false","limited","Долгий отдых; дополнительные способы восстановления — из способностей персонажа","true"
"action","ACT-monk-deflect-attacks","Отразить атаку","false","no separate charge pool","","false"
"action","ACT-monk-deflect-redirect","Перенаправить отражённую атаку","false","limited","Короткий или долгий отдых","true"
"action","ACT-paladin-divine-sense","Божественное чувство","false","limited","Короткий отдых: +1; долгий отдых: все заряды","true"
"action","ACT-rogue-steady-aim","Точный прицел","false","no separate charge pool","","false"
"action","ACT-fighter-tactical-shift","Тактический сдвиг","false","no separate charge pool","","false"
"action","ACT-druid-wild-resurgence-shape","Дикое возрождение: облик","false","spell slots","","false"
"action","ACT-druid-wild-resurgence-slot","Дикое возрождение: ячейка","true","limited","Использования: Долгий отдых · Дикий облик: Короткий отдых: +1; долгий отдых: все заряды","true"
"action","ACT-monk-stunning-strike","Оглушающий удар","true","limited","Использования: Каждый ход · Очки фокусировки: Короткий или долгий отдых","true"
"action","ACT-rogue-cunning-strike-poison","Хитрый удар: яд","false","no separate charge pool","","false"
"action","ACT-rogue-cunning-strike-trip","Хитрый удар: подсечка","false","no separate charge pool","","false"
"action","ACT-rogue-cunning-strike-withdraw","Хитрый удар: отступление","false","no separate charge pool","","false"
"action","ACT-rogue-uncanny-dodge","Невероятное уклонение","false","no separate charge pool","","false"
"action","ACT-wizard-memorize-spell","Запомнить заклинание","false","no separate charge pool","","false"
"action","ACT-dragonborn-draconic-flight","Драконьий полёт","true","limited","Долгий отдых","true"
"action","ACT-cleric-turn-undead-sear","Изгнание нежити: Поражение нежити","false","limited","Короткий отдых: +1; долгий отдых: все заряды","true"
"action","ACT-sorcerous-restoration","Чародейское восстановление","false","no separate charge pool","","false"
"action","ACT-bard-font-slot-1","Источник вдохновения: ячейка 1","false","spell slots","","false"
"action","ACT-bard-font-slot-2","Источник вдохновения: ячейка 2","false","spell slots","","false"
"action","ACT-bard-font-slot-3","Источник вдохновения: ячейка 3","false","spell slots","","false"
"action","ACT-druid-wild-resurgence-shape-2","Дикое возрождение: облик за ячейку 2","false","spell slots","","false"
"action","ACT-druid-wild-resurgence-shape-3","Дикое возрождение: облик за ячейку 3","false","spell slots","","false"
"action","ACT-font-create-slot-2","Создать ячейку 2 круга","false","limited","Долгий отдых; дополнительные способы восстановления — из способностей персонажа","true"
"action","ACT-font-create-slot-3","Создать ячейку 3 круга","false","limited","Долгий отдых; дополнительные способы восстановления — из способностей персонажа","true"
"action","ACT-font-convert-slot-2","Преобразовать ячейку 2 круга","false","spell slots","","false"
"action","ACT-font-convert-slot-3","Преобразовать ячейку 3 круга","false","spell slots","","false"
"action","ACT-item-completion-low-0199","Наручи ловкого мага","false","no separate charge pool","","false"
"action","ACT-monk-slow-fall","Замедленное падение","false","no separate charge pool","","false"
"action","ACT-general-telekinetic-push-int","Телекинетический толчок — от себя","false","no separate charge pool","","false"
"action","ACT-general-telekinetic-pull-int","Телекинетический толчок — к себе","false","no separate charge pool","","false"
"action","ACT-general-telekinetic-push-wis","Телекинетический толчок — от себя","false","no separate charge pool","","false"
"action","ACT-general-telekinetic-pull-wis","Телекинетический толчок — к себе","false","no separate charge pool","","false"
"action","ACT-general-telekinetic-push-cha","Телекинетический толчок — от себя","false","no separate charge pool","","false"
"action","ACT-general-telekinetic-pull-cha","Телекинетический толчок — к себе","false","no separate charge pool","","false"
"action","ACT-general-telepathic-utterance","Телепатическое высказывание","false","no separate charge pool","","false"
"action","ACT-general-inspiring-leader","Воодушевляющее выступление","false","no separate charge pool","","false"
"action","ACT-general-poisoner","Нанести яд","false","limited","Изготовление новых доз яда; отдых не пополняет запас","true"
"action","ACT-general-durable","Быстрое восстановление","false","hit dice","","false"
"action","ACT-general-chef-treat","Съесть угощение","false","limited","Приготовление новых угощений (после долгого отдыха или за 1 час)","true"
"action","ACT-general-crusher-push","Крушитель: оттолкнуть","false","limited","Не чаще одного раза за ход","true"
"action","ACT-general-great-weapon-master-hew","Мастер большого оружия: добивание","false","no separate charge pool","","false"
"action","ACT-general-slasher-slow","Рубака: замедлить","false","limited","Не чаще одного раза за ход","true"
"action","ACT-spell-audit-dragon-breath-acid","Дыхание дракона: кислота","false","no separate charge pool","","false"
"action","ACT-breath-fire","Оружие дыхания (огонь)","true","limited","Долгий отдых","true"
"action","ACT-general-inspiring-leader-wis","Воодушевляющее выступление — Мудрость","false","limited","Короткий или долгий отдых","true"
"action","ACT-general-inspiring-leader-cha","Воодушевляющее выступление — Харизма","false","limited","Короткий или долгий отдых","true"
"action","ACT-general-defensive-duelist","Защитный дуэлянт","false","no separate charge pool","","false"
"action","ACT-general-shield-master-push","Мастер щитов: толкнуть","false","limited","Не чаще одного раза за ход","true"
"action","ACT-general-shield-master-prone","Мастер щитов: сбить с ног","false","limited","Не чаще одного раза за ход","true"
"action","ACT-general-charger-damage","Натиск: дополнительный урон","false","limited","Не чаще одного раза за ход","true"
"action","ACT-general-charger-push","Натиск: оттолкнуть","false","limited","Не чаще одного раза за ход","true"
"action","ACT-general-sentinel-stop","Страж: остановить","false","no separate charge pool","","false"
"action","ACT-general-polearm-master-butt","Мастер древкового оружия: удар древком","false","no separate charge pool","","false"
"action","ACT-item-completion-0509","Бусы из зубов мёртвых — Сопротивление","true","limited","Не восстанавливаются","true"
"action","ACT-item-audit-fire-breath","Выдохнуть огонь","false","limited","Новая порция зелья; заряды действуют 1 час и не восстанавливаются отдыхом","true"
"action","ACT-second-wind","Второе дыхание","true","limited","Короткий отдых: +1; долгий отдых: все заряды","true"
"action","ACT-item-influence-0544-adv","Шляпа капитана — Преимущество","true","limited","Ежедневно","true"
"action","ACT-item-completion-high-767-counter-main-ranged","Шлем ответа — Дальнобойный ответ — основная рука","false","no separate charge pool","","false"
"action","ACT-item-completion-high-768-retaliate-fire","Пламенный шлем — Огненный ответ","false","no separate charge pool","","false"
"action","ACT-item-completion-low-0264","Рапира скорости +2","false","no separate charge pool","","false"
"action","ACTION-0003","Магия крови","false","existing metadata","per_turn","false"
"action","ACT-champion-critical-movement","Выдающийся атлет: перемещение","false","no separate charge pool","","false"
"action","ACT-item-completion-0427","Лук ловца удачи — Дополнительная стрела помехи","false","no separate charge pool","","false"
"action","ACT-item-completion-high-853-form-battleaxe","Первичная сфера — Принять форму: Боевой топор","false","limited","Не чаще одного раза за ход","true"
"action","ACT-bm-evasive-footwork","Уклоняющийся шаг","false","limited","Короткий или долгий отдых","true"
"action","ACT-bm-menacing-attack","Устрашающая атака","false","limited","Короткий или долгий отдых","true"
"action","ACT-bm-trip-attack","Опрокидывающая атака","false","limited","Короткий или долгий отдых","true"
"action","ACT-bm-goading-attack","Провоцирующая атака","false","limited","Короткий или долгий отдых","true"
"action","ACT-bm-distracting-strike","Отвлекающий удар","false","limited","Короткий или долгий отдых","true"
"action","ACT-bm-parry","Парирование","false","limited","Короткий или долгий отдых","true"
"action","ACT-bm-rally","Сплочение","false","limited","Короткий или долгий отдых","true"
"action","ACT-bm-pushing-attack","Толкающая атака","false","limited","Короткий или долгий отдых","true"
"action","ACT-bm-feinting-attack","Обманная атака","false","limited","Короткий или долгий отдых","true"
"action","ACT-item-completion-high-889-hit-teleport","Глефа Алентар +3 — Телепортировать поражённую цель","false","limited","Короткий или долгий отдых","true"
"action","ACT-bm-commanding-presence","Командное присутствие","false","limited","Короткий или долгий отдых","true"
"action","ACT-bm-tactical-assessment","Тактическая оценка","false","limited","Короткий или долгий отдых","true"
"action","ACT-bm-ambush","Засада","false","limited","Короткий или долгий отдых","true"
"action","ACT-item-completion-high-CARD-B24-BULLSEYE-aim-se","Фонарь, направленный — Направить на юго-восток","false","no separate charge pool","","false"
"action","ACT-bm-precision","Точная атака","false","limited","Короткий или долгий отдых","true"
"action","ACT-bm-lunging","Атака с выпадом","false","limited","Короткий или долгий отдых","true"
"action","ACT-bm-sweeping","Размашистая атака","false","limited","Короткий или долгий отдых","true"
"action","ACT-bm-riposte","Ответный удар","false","limited","Короткий или долгий отдых","true"
"action","ACT-bm-bait-switch","Приманка и подмена","false","limited","Короткий или долгий отдых","true"
"action","ACT-bm-commanders-strike","Удар командующего","false","limited","Короткий или долгий отдых","true"
"action","ACT-bm-maneuvering-attack","Маневрирующая атака","false","limited","Короткий или долгий отдых","true"
"action","ACT-bm-disarming-attack","Обезоруживающая атака","false","limited","Короткий или долгий отдых","true"
"action","ACT-item-completion-high-853-form-light_crossbow","Первичная сфера — Принять форму: Треснутый арбалет","false","limited","Не чаще одного раза за ход","true"
"action","ACT-psi-warrior-strike","Псионический удар","false","limited","Кости псионической энергии воина: Короткий отдых: +1; долгий отдых: все заряды · Ограничение действия: Не чаще одного раза за ход","true"
"action","ACT-psi-warrior-protective-field","Защитное поле","false","limited","Короткий отдых: +1; долгий отдых: все заряды","true"
"action","ACT-psi-warrior-movement","Телекинетическое перемещение","false","limited","Короткий или долгий отдых","true"
"action","ACT-psi-warrior-restore-movement","Восстановить телекинетическое перемещение","false","limited","Короткий отдых: +1; долгий отдых: все заряды","true"
"action","ACT-item-completion-high-853-form-lance","Первичная сфера — Принять форму: Длинное копьё","false","limited","Не чаще одного раза за ход","true"
"action","ACT-item-completion-high-751-forge-writing","Набор для фальсификации — Подделать надпись","false","no separate charge pool","","false"
"action","action_basic_hide","Засада","false","no separate charge pool","","false"
"action","RL-MA-GOBLIN-HIDE","Ловкий побег: Засада","false","no separate charge pool","","false"
"action","RL-MA-GOBLIN-DISENGAGE","Ловкий побег: Отход","false","no separate charge pool","","false"
"action","ACT-item-completion-high-CARD-B24-BULLSEYE-aim-s","Фонарь, направленный — Направить на юг","false","no separate charge pool","","false"
"action","ACT-monk-bonus-unarmed","Боевые искусства: безоружный удар","false","no separate charge pool","","false"
"action","ACT-spell-audit-dragon-breath-fire","Дыхание дракона: огонь","false","no separate charge pool","","false"
"action","ACT-subclass-EFFECT-0170","Гнев природы","false","limited","Короткий отдых: +1; долгий отдых: все заряды","true"
"action","ACT-srd52-shadow-stealth","Теневая засада","false","no separate charge pool","","false"
"action","action_help","Помощь","false","no separate charge pool","","false"
"action","ACT-item-completion-low-0122","Меч мести +2","false","no separate charge pool","","false"
"action","ACT-item-completion-high-853-form-whip","Первичная сфера — Принять форму: Кнут","false","limited","Не чаще одного раза за ход","true"
"action","ACT-VAR-ACT-aasimar-revelation-shroud","Небесное откровение — Некротический покров","true","limited","Долгий отдых","true"
"action","ACT-subclass-EFFECT-0106","Боевой священник","true","limited","Короткий или долгий отдых","true"
"action","ACT-item-completion-0597","Сапоги с шипами — Прыжок с шипами","true","limited","Каждый бой","true"
"action","ACT-item-completion-0560-recall","Кровная Месть — Призвать связанный клинок","false","no separate charge pool","","false"
"action","ACT-VAR-action-help-wake-sleeping-target","Помощь — Разбудить цель","false","no separate charge pool","","false"
"action","ACT-item-completion-high-853-form-javelin","Первичная сфера — Принять форму: Метательное копьё","false","limited","Не чаще одного раза за ход","true"
"action","ACT-item-completion-0362","Ожерелье толкания — Позволить оттолкнуть","false","no separate charge pool","","false"
"action","ACTION-0006","Способности Алентар","false","existing metadata","long_rest","false"
"action","ACT-item-influence-0445","Подарок от деда мороза — Критический успех до броска","false","consumable item","","false"
"action","ACT-item-completion-high-853-form-mace","Первичная сфера — Принять форму: Булава","false","limited","Не чаще одного раза за ход","true"
"action","ACT-subclass-EFFECT-0037","Воин богов","true","limited","Долгий отдых","true"
"action","ACT-subclass-EFFECT-0244","Поток хаоса","true","limited","Долгий отдых","true"
"action","ACT-item-completion-high-793-anchor","Комплект для лазания — Закрепиться","false","no separate charge pool","","false"
"action","ACT-item-high-b24-bullseye-out","Фонарь, направленный — Погасить","false","no separate charge pool","","false"
"action","ACT-item-completion-low-0042","Зелье чтения мыслей","false","no separate charge pool","","false"
"action","action_offhand_attack","Атака второй рукой","false","no separate charge pool","","false"
"action","ACT-breath-acid","Оружие дыхания (кислота)","true","limited","Долгий отдых","true"
"action","ACT-item-completion-high-823-light","Факел — Зажечь","false","no separate charge pool","","false"
"action","ACT-item-completion-high-853-form-scimitar","Первичная сфера — Принять форму: Скимитар","false","limited","Не чаще одного раза за ход","true"
"action","ACT-item-completion-high-829-bind","Цепь — Сковать цепью","false","no separate charge pool","","false"
"action","ACT-item-completion-high-862-second-arrow","Взгляд сокола +2 — Вторая стрела","false","no separate charge pool","","false"
"action","ACT-item-completion-0596","Сапоги Тьмы — Шаг в темноту","true","limited","Каждый бой","true"
"action","action_basic_unarmed","Безоружный удар","false","no separate charge pool","","false"
"action","ACT-item-completion-high-730-draw-map","Инструменты картографа — Начертить карту","false","no separate charge pool","","false"
"action","ACT-goliath-hill","Толчок холмов","false","limited","Долгий отдых","true"
"action","ACT-item-influence-0538","Малая эгида — Помеха атаке против владельца","false","no separate charge pool","","false"
"action","ACT-item-completion-high-937-break-resurrect","Кадуцей — Сломать посох и воскресить существо","false","no separate charge pool","","false"
"action","action_unarmed_strike","Безоружная атака","false","no separate charge pool","","false"
"action","ACT-item-completion-0541","Штандарт стойкости — Установить штандарт","false","no separate charge pool","","false"
"action","ACT-VAR-ACT-wild-shape-riding-horse","Дикая форма — Верховая лошадь","false","limited","Короткий отдых: +1; долгий отдых: все заряды","true"
"action","ACT-VAR-ACT-aasimar-revelation-wings","Небесное откровение — Небесные крылья","true","limited","Долгий отдых","true"
"action","ACT-aasimar-revelation","Небесное откровение","true","limited","Долгий отдых","true"
"action","ACT-item-completion-high-789-unlock","Замок — Вскрыть","false","no separate charge pool","","false"
"action","ACT-item-influence-0113","Ожерелье красноречия — Преимущество проверки Харизмы","true","limited","Короткий или долгий отдых","true"
"action","ACT-item-completion-high-CARD-B24-BULLSEYE-aim-n","Фонарь, направленный — Направить на север","false","no separate charge pool","","false"
"action","ACT-item-completion-high-853-form-musket","Первичная сфера — Принять форму: Мушкет","false","limited","Не чаще одного раза за ход","true"
"action","ACT-item-influence-0950","Кожаные наручи жадности — Штраф 2к10, критическое попадание","false","no separate charge pool","","false"
"action","ACT-item-completion-0506","Амулет агностика — Божественный совет","true","limited","Ежедневно","true"
"action","ACT-subclass-EFFECT-0114","Благословение обманщика","false","no separate charge pool","","false"
"action","ACT-item-completion-high-853-form-dart","Первичная сфера — Принять форму: Дротик","false","limited","Не чаще одного раза за ход","true"
"action","ACT-spell-audit-expeditious-retreat","Рывок поспешного отступления","false","no separate charge pool","","false"
"action","ACT-bardic-inspiration","Вдохновение барда","false","limited","Долгий отдых; с 5-го уровня барда — также короткий отдых","true"
"action","ACT-item-completion-0601-failure","Сапоги уворота — Увёртливость — провал","true","limited","Долгий отдых: 1к6 зарядов","true"
"action","ACT-item-completion-0669-slot-5","Амулет восстановления — Восстановить ячейку 5","false","limited","Ежедневно (в механике — долгий отдых)","true"
"action","ACT-item-completion-0535","Снежинка — Принять удар","true","limited","Ежедневно","true"
"action","ACT-breath-poison","Оружие дыхания (яд)","true","limited","Долгий отдых","true"
"action","ACT-spell-audit-call-lightning","Вызвать повторную молнию","false","no separate charge pool","","false"
"action","ACT-VAR-ACT-bm-pushing-attack-10","Толкающая атака — 10 фт.","false","limited","Короткий или долгий отдых","true"
"action","ACT-item-completion-high-853-form-maul","Первичная сфера — Принять форму: Молот","false","limited","Не чаще одного раза за ход","true"
"action","ACT-item-completion-high-CARD-B24-BULLSEYE-aim-sw","Фонарь, направленный — Направить на юго-запад","false","no separate charge pool","","false"
"action","ACT-item-completion-0379","Сапоги времени — Ускорить время","false","no separate charge pool","","false"
"action","ACT-item-completion-0669-slot-8","Амулет восстановления — Восстановить ячейку 8","false","limited","Ежедневно (в механике — долгий отдых)","true"
"action","ACT-item-completion-low-0185-strike","Меч-мимик +1","false","no separate charge pool","","false"
"action","ACT-spell-audit-produce-flame","Метнуть сотворённое пламя","false","no separate charge pool","","false"
"action","ACT-goliath-large-form","Крупная форма","true","limited","Долгий отдых","true"
"action","ACT-VAR-action-help-assist-check","Помощь — Помочь с проверкой характеристики","false","no separate charge pool","","false"
"action","ACT-item-completion-high-853-form-halberd","Первичная сфера — Принять форму: Алебарда","false","limited","Не чаще одного раза за ход","true"
"action","ACT-item-completion-high-702-unlock","Воровские инструменты — Вскрыть инструментами","false","no separate charge pool","","false"
"action","ACT-item-completion-high-853-form-greatsword","Первичная сфера — Принять форму: Клинок тени","false","limited","Не чаще одного раза за ход","true"
"action","ACTION-0002","Проворный рывок","true","limited","Долгий отдых","true"
"action","ACT-goliath-fire","Огненный ожог","false","limited","Долгий отдых","true"
"action","ACT-item-completion-0603","Несокрушимость — Удар ногой","false","no separate charge pool","","false"
"action","ACT-goliath-storm","Громовой удар","false","limited","Долгий отдых","true"
"action","ACT-VAR-ACT-metamagic-transmuted-acid","Подготовить Преобразованное заклинание — Кислота","false","limited","Долгий отдых; дополнительные способы восстановления — из способностей персонажа","true"
"action","ACT-subclass-EFFECT-0048","Связь с оружием","false","no separate charge pool","","false"
"action","ACT-item-completion-high-921-lock","Плутовской замок — Запереть","false","no separate charge pool","","false"
"action","action_basic_dash","Рывок","false","no separate charge pool","","false"
"action","ACT-item-completion-high-767-counter-main-melee","Шлем ответа — Ответ оружием вблизи — основная рука","false","no separate charge pool","","false"
"action","action_style_protection","Защита","false","existing metadata","per_turn","false"
"action","ACT-subclass-EFFECT-0192","Психические клинки","false","no separate charge pool","","false"
"action","action_basic_offhand","Атака второй рукой","false","no separate charge pool","","false"
"action","ACT-VAR-ACT-bm-bait-switch-self","Приманка и подмена — Я","false","limited","Короткий или долгий отдых","true"
"action","ACT-spell-audit-dragon-breath-lightning","Дыхание дракона: электричество","false","no separate charge pool","","false"
"action","ACT-VAR-action-help-stabilize","Помощь — Стабилизировать","false","no separate charge pool","","false"
"action","ACT-VAR-ACT-bm-pushing-attack-0","Толкающая атака — Не отталкивать","false","limited","Короткий или долгий отдых","true"
"action","AUDIT-20260905-recharge","AUDIT-20260905 — Проверка перезарядки","false","existing metadata","per_turn","false"
"action","ACT-item-completion-0669-slot-1","Амулет восстановления — Восстановить ячейку 1","false","limited","Ежедневно (в механике — долгий отдых)","true"
"action","action_second_wind","Второе дыхание","false","existing metadata","short_rest","false"
"action","ACT-item-completion-high-819-force-open","Портативный таран — Выломать с рычагом","false","no separate charge pool","","false"
"action","ACT-VAR-ACT-metamagic-transmuted-cold","Подготовить Преобразованное заклинание — Холод","false","limited","Долгий отдых; дополнительные способы восстановления — из способностей персонажа","true"
"action","ACT-VAR-ACT-wild-shape-wolf","Дикая форма — Волк","false","limited","Короткий отдых: +1; долгий отдых: все заряды","true"
"action","ACT-item-completion-0510","Мешочек кофе Мамы Бо — Выпить порцию кофе","true","limited","Не восстанавливаются","true"
"action","ACT-feat-healer-medic","Полевой медик","false","limited","Не восстанавливаются; требуется новый комплект целителя","true"
"action","ACT-goliath-stone","Каменная стойкость","false","limited","Долгий отдых","true"
"action","ACT-item-completion-high-853-form-flail","Первичная сфера — Принять форму: Цеп","false","limited","Не чаще одного раза за ход","true"
"action","ACT-feat-lucky-advantage","Очко удачи: Преимущество","false","limited","Долгий отдых","true"
"action","ACT-item-completion-high-853-form-pistol","Первичная сфера — Принять форму: Пистоль","false","limited","Не чаще одного раза за ход","true"
"action","ACT-item-influence-0951","Кожаные наручи жадности — Штраф 2к8, критическое попадание","false","no separate charge pool","","false"
"action","ACT-item-completion-high-853-form-war_pick","Первичная сфера — Принять форму: Боевая кирка","false","limited","Не чаще одного раза за ход","true"
"action","ACT-item-completion-low-0330-escape","Сеть","false","no separate charge pool","","false"
"action","action_barbarian_rage_2","Ярость","false","limited","Короткий отдых: +1; долгий отдых: все заряды","true"
"action","ACT-goliath-frost","Морозная поступь","false","limited","Долгий отдых","true"
"action","ACT-rage","Ярость","false","limited","Короткий отдых: +1; долгий отдых: все заряды","true"
"action","ACT-goliath-cloud","Облачная телепортация","false","limited","Долгий отдых","true"
"action","ACT-VAR-ACT-metamagic-transmuted-poison","Подготовить Преобразованное заклинание — Яд","false","limited","Долгий отдых; дополнительные способы восстановления — из способностей персонажа","true"
"action","ACT-item-completion-0551-bind","Диадема крови — Связать кровь","false","no separate charge pool","","false"
"action","ACT-VAR-ACT-bm-pushing-attack-15","Толкающая атака — 15 фт.","false","limited","Короткий или долгий отдых","true"
"action","ACT-item-completion-high-853-form-handaxe","Первичная сфера — Принять форму: Ручной топор","false","limited","Не чаще одного раза за ход","true"
"action","ACT-item-completion-0669-slot-9","Амулет восстановления — Восстановить ячейку 9","false","limited","Ежедневно (в механике — долгий отдых)","true"
"action","ACT-item-completion-high-853-form-heavy_crossbow","Первичная сфера — Принять форму: Тяжелый арбалет","false","limited","Не чаще одного раза за ход","true"
"action","ACT-item-completion-0521","Перо вестницы — Рывок","false","no separate charge pool","","false"
"action","ACT-item-completion-0601-success","Сапоги уворота — Увёртливость — успех","true","limited","Долгий отдых: 1к6 зарядов","true"
"action","ACT-lay-on-hands","Прикосновение целителя","false","no separate charge pool","","false"
"action","ACT-item-influence-0378","Мгновение — Переброс к20 реакцией","false","limited","Не чаще одного раза за ход","true"
"action","ACT-item-completion-0669-slot-6","Амулет восстановления — Восстановить ячейку 6","false","limited","Ежедневно (в механике — долгий отдых)","true"
"action","ACT-subclass-EFFECT-0147","Исцеляющая рука","false","limited","Короткий или долгий отдых","true"
"action","ACT-item-completion-high-829-anchor","Цепь — Закрепить цепь","false","no separate charge pool","","false"
"action","ACT-subclass-EFFECT-0120","Сияние рассвета","false","limited","Короткий отдых: +1; долгий отдых: все заряды","true"
"action","action_shove","Толкнуть","false","no separate charge pool","","false"
"action","ACT-item-completion-0669-slot-7","Амулет восстановления — Восстановить ячейку 7","false","limited","Ежедневно (в механике — долгий отдых)","true"
"action","ACT-item-completion-high-814-extinguish","Свеча — Погасить","false","no separate charge pool","","false"
"action","ACT-item-influence-0640","Кольцо уклонения — Успешный спасбросок Ловкости","true","limited","Ежедневно","true"
"action","ACT-item-completion-0630","Кольцо бдительности — Контратака","true","limited","Ежедневно","true"
"action","ACT-item-completion-0504","Посох жажды — Восстановить все ячейки","false","no separate charge pool","","false"
"action","ACT-item-completion-high-869-open-bound-door","Ключ странника — Открыть запомненную дверь","false","no separate charge pool","","false"
"action","ACT-item-completion-high-CARD-B24-BULLSEYE-aim-e","Фонарь, направленный — Направить на восток","false","no separate charge pool","","false"
"action","ACT-item-completion-0440","Сапоги смывки — Ускользнуть после урона","true","limited","Каждый бой","true"
"action","ACT-item-influence-0544-dis","Шляпа капитана — Помеха","false","limited","Ежедневно","true"
"action","ACT-item-influence-0381","Кольцо хронургии — Переброс к20","true","limited","Ежедневно","true"
"action","ACT-subclass-EFFECT-0100","Гнев моря","false","limited","Короткий отдых: +1; долгий отдых: все заряды","true"
"action","ACT-breath-lightning","Оружие дыхания (молния)","true","limited","Долгий отдых","true"
"action","ACT-subclass-EFFECT-0182","Несравненный атлет","false","limited","Короткий отдых: +1; долгий отдых: все заряды","true"
"action","ACT-VAR-ACT-aasimar-revelation-radiance","Небесное откровение — Внутренний свет","true","limited","Долгий отдых","true"
"action","ACT-subclass-EFFECT-0186","Быстрые руки","false","no separate charge pool","","false"
"action","ACT-spell-audit-flame-blade","Атаковать горящим клинком","false","no separate charge pool","","false"
"action","action_basic_disengage","Отход","false","no separate charge pool","","false"
"action","ACT-spell-audit-dragon-breath-poison","Дыхание дракона: яд","false","no separate charge pool","","false"
"action","ACT-item-completion-high-853-form-sling","Первичная сфера — Принять форму: Праща","false","limited","Не чаще одного раза за ход","true"
"action","ACT-subclass-EFFECT-0090","Помощь земли","false","limited","Короткий отдых: +1; долгий отдых: все заряды","true"
"action","ACTION-0001","Магическое восстановление","false","limited","Долгий отдых","true"
"action","ACT-item-completion-high-853-form-greataxe","Первичная сфера — Принять форму: Секира","false","limited","Не чаще одного раза за ход","true"
"action","ACT-item-completion-high-922-raise","Слуховой рог — Поднести к уху","false","no separate charge pool","","false"
"action","ACT-VAR-ACT-wild-shape-rat","Дикая форма — Крыса","false","limited","Короткий отдых: +1; долгий отдых: все заряды","true"
"action","ACT-item-completion-high-820-ignite-easy","Трутница — Зажечь открытое топливо","false","no separate charge pool","","false"
"action","ACT-item-completion-high-856-store","Переносная дыра — Поместить объект в переносную дыру","false","no separate charge pool","","false"
"action","ACT-VAR-ACT-metamagic-transmuted-lightning","Подготовить Преобразованное заклинание — Молния","false","limited","Долгий отдых; дополнительные способы восстановления — из способностей персонажа","true"
"action","ACT-VAR-action-help-assist-attack","Помощь — Помочь с броском атаки","false","no separate charge pool","","false"
"action","ACT-item-completion-0354","Веление Темпуса +3 — Круговая атака","false","no separate charge pool","","false"
"action","action_basic_weapon","Рукопашная атака оружием","false","no separate charge pool","","false"
"action","ACT-item-completion-low-0186","Посох колдуна","true","limited","Долгий отдых","true"
"action","action_basic_dodge","Уклонение","false","no separate charge pool","","false"
"action","ACT-item-completion-low-0098","Доблесть защитника","false","no separate charge pool","","false"
"action","ACT-item-influence-0383","Длиный меч точности — Критическое попадание этим мечом","true","limited","Ежедневно","true"
"action","MONSTER-ACTION-GOBLIN-SCIMITAR","Скимитар","false","no separate charge pool","","false"
"action","MONSTER-ACTION-GOBLIN-DAGGER","Кинжал","false","no separate charge pool","","false"
"action","MONSTER-ACTION-WOLF-BITE","Укус","false","no separate charge pool","","false"
"action","ACT-subclass-EFFECT-0228","Телепатическая речь","false","no separate charge pool","","false"
"action","ACT-item-completion-0450","Наручи паладина — Ослепить атакующего","true","limited","Короткий или долгий отдых","true"
"action","RL-MA-BANDIT-SCIM","Скимитар","false","no separate charge pool","","false"
"action","RL-MA-BANDIT-XBOW","Лёгкий арбалет","false","no separate charge pool","","false"
"action","RL-MA-GUARD-SPEAR","Копьё","false","no separate charge pool","","false"
"action","RL-MA-RAT-BITE","Укус","false","no separate charge pool","","false"
"action","RL-MA-KOBOLD-DAGGER","Кинжал","false","no separate charge pool","","false"
"action","RL-MA-GOBLIN-SCIM","Скимитар","false","no separate charge pool","","false"
"action","RL-MA-GOBLIN-BOW","Короткий лук","false","no separate charge pool","","false"
"action","RL-MA-SKELETON-SWORD","Короткий меч","false","no separate charge pool","","false"
"action","RL-MA-SKELETON-BOW","Короткий лук","false","no separate charge pool","","false"
"action","RL-MA-ZOMBIE-SLAM","Удар","false","no separate charge pool","","false"
"action","RL-MA-WOLF-BITE","Укус","false","no separate charge pool","","false"
"action","RL-MA-SPIDER-BITE","Ядовитый укус","false","no separate charge pool","","false"
"action","RL-MA-HOB-SWORD","Длинный меч","false","no separate charge pool","","false"
"action","RL-MA-HOB-BOW","Длинный лук","false","no separate charge pool","","false"
"action","RL-MA-TOUGH-MACE","Булава","false","no separate charge pool","","false"
"action","RL-MA-TOUGH-XBOW","Тяжёлый арбалет","false","no separate charge pool","","false"
"action","RL-MA-ARMOR-SLAM","Двойной удар","false","no separate charge pool","","false"
"action","RL-MA-DIRE-BITE","Сокрушающий укус","false","no separate charge pool","","false"
"action","RL-MA-BUG-GRAB","Захват","false","no separate charge pool","","false"
"action","RL-MA-BUG-HAMMER","Лёгкий молот","false","no separate charge pool","","false"
"action","RL-MA-OGRE-CLUB","Палица","false","no separate charge pool","","false"
"action","RL-MA-OGRE-JAVELIN","Метательное копьё","false","no separate charge pool","","false"
"action","RL-MA-BERSERKER-AXE","Секира","false","no separate charge pool","","false"
"action","RL-MA-CAPTAIN-SCIM","Два удара скимитаром","false","no separate charge pool","","false"
"action","RL-MA-CAPTAIN-PISTOL","Два выстрела","false","no separate charge pool","","false"
"action","RL-MA-VETERAN-SWORD","Два удара двуручным мечом","false","no separate charge pool","","false"
"action","RL-MA-VETERAN-XBOW","Два выстрела","false","no separate charge pool","","false"
"action","RL-MA-GUARD-SPEAR-MELEE","Копьё: удар","false","no separate charge pool","","false"
"action","RL-MA-KOBOLD-DAGGER-MELEE","Кинжал: удар","false","no separate charge pool","","false"
"action","RL-MA-BUG-HAMMER-MELEE","Лёгкий молот: удар","false","no separate charge pool","","false"
"action","RL-MA-OGRE-JAVELIN-MELEE","Копьё: удар","false","no separate charge pool","","false"
"action","RL-MA-PARRY","Парирование","false","no separate charge pool","","false"
"action","ACT-item-completion-high-767-counter-off-melee","Шлем ответа — Ответ оружием вблизи — вторая рука","false","no separate charge pool","","false"
"action","URVIN-ATTACK-urvin-goblin-warden","Удар · Урвинский дозорный","false","no separate charge pool","","false"
"action","URVIN-ATTACK-urvin-stone-warden","Удар · Каменный привратник","false","no separate charge pool","","false"
"action","URVIN-ATTACK-urvin-ash-hound","Удар · Пепельная гончая","false","no separate charge pool","","false"
"action","URVIN-ATTACK-urvin-harbinger","Удар · Вестник затмения","false","no separate charge pool","","false"
"action","URVIN-ATTACK-urvin-dreadlord","Удар · Хранитель Чёрных врат","false","no separate charge pool","","false"
"action","ACT-VAR-ACT-bm-pushing-attack-5","Толкающая атака — 5 фт.","false","limited","Короткий или долгий отдых","true"
"action","action_melee_attack","Атака оружием","false","existing metadata","per_turn","false"
"action","ACT-item-completion-high-823-extinguish","Факел — Погасить","false","no separate charge pool","","false"
"action","ACT-subclass-EFFECT-0176","Священное оружие","false","limited","Короткий отдых: +1; долгий отдых: все заряды","true"
"action","ACT-breath-cold","Оружие дыхания (холод)","true","limited","Долгий отдых","true"
"action","ACT-item-completion-high-795-anchor","Крюк-кошка — Закрепить крюк","false","no separate charge pool","","false"
"action","ACT-item-influence-0952","Кожаные наручи жадности — Штраф 2к6, критическое попадание","false","no separate charge pool","","false"
"action","tabaxi_unarmed_strike","Кошачьи когти","false","existing metadata","per_turn","false"
"action","ACT-subclass-EFFECT-0142","Лечащий свет","true","limited","Долгий отдых","true"
"action","ACT-item-completion-high-853-form-warhammer","Первичная сфера — Принять форму: Боевой молот","false","limited","Не чаще одного раза за ход","true"
"action","ACT-subclass-EFFECT-0166","Обет вражды","false","limited","Короткий отдых: +1; долгий отдых: все заряды","true"
"action","ACT-item-completion-high-829-escape","Цепь — Вырваться из цепи","false","no separate charge pool","","false"
"action","ACT-item-completion-0669-slot-3","Амулет восстановления — Восстановить ячейку 3","false","limited","Ежедневно (в механике — долгий отдых)","true"
"action","ACT-item-completion-high-853-form-greatclub","Первичная сфера — Принять форму: Палица","false","limited","Не чаще одного раза за ход","true"
"action","ACT-item-completion-high-853-form-morningstar","Первичная сфера — Принять форму: Моргенштерн","false","limited","Не чаще одного раза за ход","true"
"action","ACT-item-completion-0627-link","Кольцо уз — Защитить владельца второго кольца","false","no separate charge pool","","false"
"action","ACT-item-completion-low-0088","Длинный лук Шар +1","false","no separate charge pool","","false"
"action","ACT-item-completion-high-948-gamble-damage","Доспех жадности — Бросить кость алчности","false","no separate charge pool","","false"
"action","aasimar_healing_hands","Целебные руки","true","limited","Долгий отдых","false"
"action","ACT-item-completion-0451","Магические рукава — Магическое восстановление","false","no separate charge pool","","false"
"action","ACT-VAR-ACT-metamagic-transmuted-thunder","Подготовить Преобразованное заклинание — Гром","false","limited","Долгий отдых; дополнительные способы восстановления — из способностей персонажа","true"
"action","ACT-item-completion-high-856-close","Переносная дыра — Свернуть переносную дыру","false","no separate charge pool","","false"
"action","ACT-item-completion-high-725-force-open","Ломик — Выломать с рычагом","false","no separate charge pool","","false"
"action","ACT-item-completion-0530","Чаша отраженной памяти — Воспоминание","true","limited","Не восстанавливаются","true"
"action","ACT-subclass-EFFECT-0111","Сохранение жизни","false","limited","Короткий отдых: +1; долгий отдых: все заряды","true"
"action","ACT-item-completion-high-814-light","Свеча — Зажечь","false","no separate charge pool","","false"
"action","ACT-item-completion-high-853-form-sickle","Первичная сфера — Принять форму: Серп","false","limited","Не чаще одного раза за ход","true"
"action","ACT-item-completion-high-722-light","Закрытый фонарь — Зажечь","false","no separate charge pool","","false"
"action","ACT-item-completion-0669-slot-2","Амулет восстановления — Восстановить ячейку 2","false","limited","Ежедневно (в механике — долгий отдых)","true"
"action","ACT-item-completion-0413","Колода крапленных карт — Заметить краплёную колоду","false","no separate charge pool","","false"
"action","ACT-item-completion-high-CARD-B24-BULLSEYE-aim-ne","Фонарь, направленный — Направить на северо-восток","false","no separate charge pool","","false"
"action","ACT-item-completion-high-767-counter-off-ranged","Шлем ответа — Дальнобойный ответ — вторая рука","false","no separate charge pool","","false"
"action","ACT-item-completion-high-722-extinguish","Закрытый фонарь — Погасить","false","no separate charge pool","","false"
"action","ACT-item-completion-high-918-accept-scar","Жертва: Шрам — Принять шрам","false","consumable item","","false"
"action","ACT-item-completion-high-720-attach-rope","Железный шип — Привязать верёвку","false","no separate charge pool","","false"
"action","ACT-spell-audit-dragon-breath-cold","Дыхание дракона: холод","false","no separate charge pool","","false"
"action","ACT-item-completion-high-720-jam","Железный шип — Заклинить механизм","false","no separate charge pool","","false"
"action","ACT-item-completion-0669-slot-4","Амулет восстановления — Восстановить ячейку 4","false","limited","Ежедневно (в механике — долгий отдых)","true"
"action","ACT-item-completion-0595","Сапоги решительности — Сохранить концентрацию","true","limited","Каждый ход","true"
"action","ACT-spell-audit-witch-bolt","Поддержать ведьмин разряд","false","no separate charge pool","","false"
"action","ACT-item-completion-high-720-anchor","Железный шип — Закрепить шип","false","no separate charge pool","","false"
"action","ACT-breath-weapon","Оружие дыхания","true","limited","Долгий отдых","true"
"action","ACTION-0005","Божественное вдохновение","false","existing metadata","long_rest","false"
"action","ACT-item-completion-high-789-lock","Замок — Запереть","false","no separate charge pool","","false"
"action","ACT-item-completion-high-856-open","Переносная дыра — Развернуть переносную дыру","false","no separate charge pool","","false"
"action","ACT-item-completion-high-853-form-glaive","Первичная сфера — Принять форму: Глефа","false","limited","Не чаще одного раза за ход","true"
"action","ACT-item-completion-high-773-lightning","Перчатки искр — Добавить молнию","false","no separate charge pool","","false"
"action","ACT-srd52-shadow-draining-swipe","Иссушающий удар","false","no separate charge pool","","false"
"action","ACTION-0007","Близость к покровителю","false","existing metadata","long_rest","false"
"action","ACT-item-completion-0475","Перчатки хранителя — Отвергнуть новый отрицательный эффект","true","limited","Ежедневно","true"
"action","ACT-item-completion-high-856-exit","Переносная дыра — Выбраться из переносной дыры","false","no separate charge pool","","false"
"action","ACT-item-completion-high-853-form-dagger","Первичная сфера — Принять форму: Ржавый кенжал","false","limited","Не чаще одного раза за ход","true"
"action","ACT-item-completion-0514","Брошь последнего шанса — Последний шанс","true","limited","Не восстанавливаются","true"
"action","ACT-subclass-EFFECT-0016","Мантия вдохновения","false","limited","Долгий отдых; с 5-го уровня барда — также короткий отдых","true"
"action","ACTION-0004","Атака с задержкой","false","existing metadata","long_rest","false"
"action","ACT-item-completion-high-937-bless-six","Кадуцей — Благословить до шести существ","false","no separate charge pool","","false"
"action","ACT-wild-shape","Дикая форма","false","limited","Короткий отдых: +1; долгий отдых: все заряды","true"
"action","ACT-item-completion-high-CARD-B24-BULLSEYE-aim-w","Фонарь, направленный — Направить на запад","false","no separate charge pool","","false"
"action","ACT-item-completion-high-853-form-hand_crossbow","Первичная сфера — Принять форму: Ручной арбалет","false","limited","Не чаще одного раза за ход","true"
"action","ACT-item-completion-high-CARD-B24-BULLSEYE-light","Фонарь, направленный — Зажечь","false","no separate charge pool","","false"
"action","ACT-item-completion-0551-transfer","Диадема крови — Принять половину урона","false","no separate charge pool","","false"
"action","ACT-item-completion-0579","Заряд Эха — Применить заряд Эха","false","no separate charge pool","","false"
"action","ACT-item-completion-0369","Меч рыцаря смерти +2 — Призвать обычную Тень","true","limited","Ежедневно","true"
"action","ACT-item-completion-high-853-form-shortsword","Первичная сфера — Принять форму: Короткий меч","false","limited","Не чаще одного раза за ход","true"
"action","ACT-item-completion-high-853-form-blowgun","Первичная сфера — Принять форму: Духовая трубка","false","limited","Не чаще одного раза за ход","true"
"action","ACT-item-completion-0542","Бинты мученика — Кровавое исцеление","true","limited","Не восстанавливаются","true"
"action","ACT-item-completion-high-853-form-club","Первичная сфера — Принять форму: Кофель-нагель","false","limited","Не чаще одного раза за ход","true"
"action","ACT-item-completion-high-853-form-trident","Первичная сфера — Принять форму: Трезубец","false","limited","Не чаще одного раза за ход","true"
"action","ACT-item-completion-high-853-form-spear","Первичная сфера — Принять форму: Копьё","false","limited","Не чаще одного раза за ход","true"
"action","ACT-item-completion-high-CARD-B24-BULLSEYE-aim-nw","Фонарь, направленный — Направить на северо-запад","false","no separate charge pool","","false"
"action","ACT-VAR-ACT-bm-bait-switch-target","Приманка и подмена — Союзник","false","limited","Короткий или долгий отдых","true"
"action","ACT-item-completion-high-853-form-pike","Первичная сфера — Принять форму: Пика","false","limited","Не чаще одного раза за ход","true"
"action","ACT-item-completion-high-853-form-rapier","Первичная сфера — Принять форму: Рапира","false","limited","Не чаще одного раза за ход","true"
"action","ACT-item-completion-high-921-unlock","Плутовской замок — Вскрыть","false","no separate charge pool","","false"
"action","ACT-VAR-ACT-metamagic-transmuted-fire","Подготовить Преобразованное заклинание — Огонь","false","limited","Долгий отдых; дополнительные способы восстановления — из способностей персонажа","true"
"action","ACT-subclass-EFFECT-0129","Пробуждённый разум","false","no separate charge pool","","false"
"spell","conjure_barrage","Призыв шквала снарядов","false","no individual charge pool","Ячейки или заговор; отдельный срок не назначается","false"
"spell","otilukes_freezing_sphere","Ледяной шар Отилюка","false","no individual charge pool","Ячейки или заговор; отдельный срок не назначается","false"
"spell","SPELL-VAR-SPELL-0295-radiant","Сопротивление — Излучение","false","no individual charge pool","Ячейки или заговор; отдельный срок не назначается","false"
"spell","finger_of_death","Перст смерти","false","no individual charge pool","Ячейки или заговор; отдельный срок не назначается","false"
"spell","tsunami","Цунами","false","no individual charge pool","Ячейки или заговор; отдельный срок не назначается","false"
"spell","sending","Послание","false","no individual charge pool","Ячейки или заговор; отдельный срок не назначается","false"
"spell","SPELL-VAR-fire-shield-warm","Огненный щит — Тёплый","false","no individual charge pool","Ячейки или заговор; отдельный срок не назначается","false"
"spell","SPELL-0257","Паутина","false","no individual charge pool","Ячейки или заговор; отдельный срок не назначается","false"
"spell","SPELL-0254","Палящая кара","false","no individual charge pool","Ячейки или заговор; отдельный срок не назначается","false"
"spell","SPELL-VAR-SPELL-0197-cold","Дыхание дракона — Холод","false","no individual charge pool","Ячейки или заговор; отдельный срок не назначается","false"
"spell","SPELL-VAR-SPELL-0287-dex","Сглаз — Ловкость","false","no individual charge pool","Ячейки или заговор; отдельный срок не назначается","false"
"spell","SPELL-VAR-protection-from-energy-cold","Защита от энергии — Холод","false","no individual charge pool","Ячейки или заговор; отдельный срок не назначается","false"
"spell","wall_of_fire","Огненная стена","false","no individual charge pool","Ячейки или заговор; отдельный срок не назначается","false"
"spell","SPELL-VAR-greater-restoration-ability-reduction","Высшее восстановление — Восстановить характеристику","false","no individual charge pool","Ячейки или заговор; отдельный срок не назначается","false"
"spell","SPELL-VAR-SPELL-0314-fire","Цветной шарик — Огонь","false","no individual charge pool","Ячейки или заговор; отдельный срок не назначается","false"
"spell","glibness","Находчивость","false","no individual charge pool","Ячейки или заговор; отдельный срок не назначается","false"
"spell","SPELL-VAR-SPELL-0287-con","Сглаз — Телосложение","false","no individual charge pool","Ячейки или заговор; отдельный срок не назначается","false"
"spell","summon_construct","Вызов Конструкта","false","no individual charge pool","Ячейки или заговор; отдельный срок не назначается","false"
"spell","SPELL-VAR-thaumaturgy-booming-voice","Чудотворство — Раскатистый голос","false","no individual charge pool","Ячейки или заговор; отдельный срок не назначается","false"
"spell","SPELL-0176","Волшебный замок","false","no individual charge pool","Ячейки или заговор; отдельный срок не назначается","false"
"spell","SPELL-VAR-SPELL-0230-stealth","Наставление — Скрытность","false","no individual charge pool","Ячейки или заговор; отдельный срок не назначается","false"
"spell","SPELL-VAR-SPELL-0295-acid","Сопротивление — Кислота","false","no individual charge pool","Ячейки или заговор; отдельный срок не назначается","false"
"spell","ray_of_enfeeblement","Луч слабости","false","no individual charge pool","Ячейки или заговор; отдельный срок не назначается","false"
"spell","SPELL-VAR-SPELL-0314-lightning","Цветной шарик — Электричество","false","no individual charge pool","Ячейки или заговор; отдельный срок не назначается","false"
"spell","SPELL-VAR-SPELL-0310-indifferent","Умиротворение — Сделать безразличным","false","no individual charge pool","Ячейки или заговор; отдельный срок не назначается","false"
"spell","SPELL-0234","Облако кинжалов","false","no individual charge pool","Ячейки или заговор; отдельный срок не назначается","false"
"spell","SPELL-VAR-SPELL-0230-insight","Наставление — Проницательность","false","no individual charge pool","Ячейки или заговор; отдельный срок не назначается","false"
"spell","fount_of_moonlight","Источник лунного света","false","no individual charge pool","Ячейки или заговор; отдельный срок не назначается","false"
"spell","insect_plague","Нашествие насекомых","false","no individual charge pool","Ячейки или заговор; отдельный срок не назначается","false"
"spell","delayed_blast_fireball","Замедленный огненный шар","false","no individual charge pool","Ячейки или заговор; отдельный срок не назначается","false"
"spell","imprisonment","Заточение","false","no individual charge pool","Ячейки или заговор; отдельный срок не назначается","false"
"spell","planar_binding","Планарные узы","false","no individual charge pool","Ячейки или заговор; отдельный срок не назначается","false"
"spell","mind_blank","Сокрытие разума","false","no individual charge pool","Ячейки или заговор; отдельный срок не назначается","false"
"spell","SPELL-0274","Прыжок","false","no individual charge pool","Ячейки или заговор; отдельный срок не назначается","false"
"spell","contact_other_plane","Связь с иным планом","false","no individual charge pool","Ячейки или заговор; отдельный срок не назначается","false"
"spell","SPELL-0226","Мистический заряд","false","no individual charge pool","Ячейки или заговор; отдельный срок не назначается","false"
"spell","SPELL-0311","Усыпление","false","no individual charge pool","Ячейки или заговор; отдельный срок не назначается","false"
"spell","SPELL-VAR-thaumaturgy-sound","Чудотворство — Фантомный звук","false","no individual charge pool","Ячейки или заговор; отдельный срок не назначается","false"
"spell","summon_elemental","Вызов Элементаля","false","no individual charge pool","Ячейки или заговор; отдельный срок не назначается","false"
"spell","SPELL-VAR-SPELL-0221-deafened","Малое восстановление — Оглохший","false","no individual charge pool","Ячейки или заговор; отдельный срок не назначается","false"
"spell","SPELL-VAR-SPELL-0310-suppress","Умиротворение — Подавить Очарование и Испуг","false","no individual charge pool","Ячейки или заговор; отдельный срок не назначается","false"
"spell","SPELL-VAR-SPELL-0314-poison","Цветной шарик — Яд","false","no individual charge pool","Ячейки или заговор; отдельный срок не назначается","false"
"spell","remove_curse","Снятие проклятья","false","no individual charge pool","Ячейки или заговор; отдельный срок не назначается","false"
"spell","SPELL-0232","Невидимый слуга","false","no individual charge pool","Ячейки или заговор; отдельный срок не назначается","false"
"spell","protection_from_energy","Защита от энергии","false","no individual charge pool","Ячейки или заговор; отдельный срок не назначается","false"
"spell","SPELL-0280","Раскат грома","false","no individual charge pool","Ячейки или заговор; отдельный срок не назначается","false"
"spell","SPELL-VAR-SPELL-0230-deception","Наставление — Обман","false","no individual charge pool","Ячейки или заговор; отдельный срок не назначается","false"
"spell","SPELL-0182","Глухота/Слепота","false","no individual charge pool","Ячейки или заговор; отдельный срок не назначается","false"
"spell","conjure_animals","Призыв Животных","false","no individual charge pool","Ячейки или заговор; отдельный срок не назначается","false"
"spell","mordenkainens_sword","Меч Морденкайнена","false","no individual charge pool","Ячейки или заговор; отдельный срок не назначается","false"
"spell","haste","Ускорение","false","no individual charge pool","Ячейки или заговор; отдельный срок не назначается","false"
"spell","regenerate","Регенерация","false","no individual charge pool","Ячейки или заговор; отдельный срок не назначается","false"
"spell","evards_black_tentacles","Чёрные щупальца Эварда","false","no individual charge pool","Ячейки или заговор; отдельный срок не назначается","false"
"spell","stinking_cloud","Зловонное облако","false","no individual charge pool","Ячейки или заговор; отдельный срок не назначается","false"
"spell","SPELL-VAR-SPELL-0309-cha","Улучшение характеристики — Харизма","false","no individual charge pool","Ячейки или заговор; отдельный срок не назначается","false"
"spell","wish","Желание","false","no individual charge pool","Ячейки или заговор; отдельный срок не назначается","false"
"spell","drawmijs_instant_summons","Мгновенные вызовы Дромиджа","false","no individual charge pool","Ячейки или заговор; отдельный срок не назначается","false"
"spell","SPELL-0302","Трюк с верёвкой","false","no individual charge pool","Ячейки или заговор; отдельный срок не назначается","false"
"spell","synaptic_static","Синаптический разряд","false","no individual charge pool","Ячейки или заговор; отдельный срок не назначается","false"
"spell","SPELL-VAR-SPELL-0315-poison","Чародейский выброс — Яд","false","no individual charge pool","Ячейки или заговор; отдельный срок не назначается","false"
"spell","SPELL-0300","Терновый кнут","false","no individual charge pool","Ячейки или заговор; отдельный срок не назначается","false"
"spell","SPELL-0301","Тишина","false","no individual charge pool","Ячейки или заговор; отдельный срок не назначается","false"
"spell","staggering_smite","Оглушающая кара","false","no individual charge pool","Ячейки или заговор; отдельный срок не назначается","false"
"spell","shapechange","Преображение","false","no individual charge pool","Ячейки или заговор; отдельный срок не назначается","false"
"spell","teleport","Телепортация","false","no individual charge pool","Ячейки или заговор; отдельный срок не назначается","false"
"spell","light","Свет","false","no individual charge pool","Ячейки или заговор; отдельный срок не назначается","false"
"spell","SPELL-0169","Видение невидимого","false","no individual charge pool","Ячейки или заговор; отдельный срок не назначается","false"
"spell","SPELL-0161","Безмолвный образ","false","no individual charge pool","Ячейки или заговор; отдельный срок не назначается","false"
"spell","SPELL-VAR-SPELL-0298-sculpt","Стихийность — Ваяние стихии","false","no individual charge pool","Ячейки или заговор; отдельный срок не назначается","false"
"spell","globe_of_invulnerability","Сфера неуязвимости","false","no individual charge pool","Ячейки или заговор; отдельный срок не назначается","false"
"spell","mass_healing_word","Множественное лечащее слово","false","no individual charge pool","Ячейки или заговор; отдельный срок не назначается","false"
"spell","SPELL-VAR-SPELL-0295-necrotic","Сопротивление — Некротический","false","no individual charge pool","Ячейки или заговор; отдельный срок не назначается","false"
"spell","otto_irresistible_dance","Неудержимая пляска Отто","false","no individual charge pool","Ячейки или заговор; отдельный срок не назначается","false"
"spell","SPELL-0209","Корона безумия","false","no individual charge pool","Ячейки или заговор; отдельный срок не назначается","false"
"spell","arcane_eye","Магический глаз","false","no individual charge pool","Ячейки или заговор; отдельный срок не назначается","false"
"spell","SPELL-VAR-SPELL-0298-water","Стихийность — Призыв воды","false","no individual charge pool","Ячейки или заговор; отдельный срок не назначается","false"
"spell","SPELL-VAR-elemental-weapon-thunder","Стихийное оружие — Звук","false","no individual charge pool","Ячейки или заговор; отдельный срок не назначается","false"
"spell","detect_magic","Обнаружение магии","false","no individual charge pool","Ячейки или заговор; отдельный срок не назначается","false"
"spell","clone","Клон","false","no individual charge pool","Ячейки или заговор; отдельный срок не назначается","false"
"spell","bigbys_hand","Длань Бигби","false","no individual charge pool","Ячейки или заговор; отдельный срок не назначается","false"
"spell","guardian_of_faith","Страж веры","false","no individual charge pool","Ячейки или заговор; отдельный срок не назначается","false"
"spell","SPELL-0309","Улучшение характеристики","false","no individual charge pool","Ячейки или заговор; отдельный срок не назначается","false"
"spell","SPELL-0292","Смазка","false","no individual charge pool","Ячейки или заговор; отдельный срок не назначается","false"
"spell","SPELL-0296","Сотворение или уничтожение воды","false","no individual charge pool","Ячейки или заговор; отдельный срок не назначается","false"
"spell","animate_objects","Оживление вещей","false","no individual charge pool","Ячейки или заговор; отдельный срок не назначается","false"
"spell","SPELL-0175","Волшебные уста","false","no individual charge pool","Ячейки или заговор; отдельный срок не назначается","false"
"spell","SPELL-0273","Пронзание разума","false","no individual charge pool","Ячейки или заговор; отдельный срок не назначается","false"
"spell","SPELL-VAR-protection-from-energy-acid","Защита от энергии — Кислота","false","no individual charge pool","Ячейки или заговор; отдельный срок не назначается","false"
"spell","SPELL-0235","Область истины","false","no individual charge pool","Ячейки или заговор; отдельный срок не назначается","false"
"spell","death_ward","Защита от смерти","false","no individual charge pool","Ячейки или заговор; отдельный срок не назначается","false"
"spell","SPELL-VAR-SPELL-0197-poison","Дыхание дракона — Яд","false","no individual charge pool","Ячейки или заговор; отдельный срок не назначается","false"
"spell","conjure_volley","Призыв залпа","false","no individual charge pool","Ячейки или заговор; отдельный срок не назначается","false"
"spell","meteor_swarm","Метеоритный дождь","false","no individual charge pool","Ячейки или заговор; отдельный срок не назначается","false"
"spell","polymorph","Превращение","false","no individual charge pool","Ячейки или заговор; отдельный срок не назначается","false"
"spell","control_weather","Власть над погодой","false","no individual charge pool","Ячейки или заговор; отдельный срок не назначается","false"
"spell","SPELL-0319","Электрошок","false","no individual charge pool","Ячейки или заговор; отдельный срок не назначается","false"
"spell","modify_memory","Изменение памяти","false","no individual charge pool","Ячейки или заговор; отдельный срок не назначается","false"
"spell","meld_into_stone","Слияние с камнем","false","no individual charge pool","Ячейки или заговор; отдельный срок не назначается","false"
"spell","divination","Предсказание","false","no individual charge pool","Ячейки или заговор; отдельный срок не назначается","false"
"spell","wall_of_ice","Ледяная стена","false","no individual charge pool","Ячейки или заговор; отдельный срок не назначается","false"
"spell","commune","Общение","false","no individual charge pool","Ячейки или заговор; отдельный срок не назначается","false"
"spell","fire_shield","Огненный щит","false","no individual charge pool","Ячейки или заговор; отдельный срок не назначается","false"
"spell","power_word_kill","Слово силы: смерть","false","no individual charge pool","Ячейки или заговор; отдельный срок не назначается","false"
"spell","SPELL-0163","Благословение","false","no individual charge pool","Ячейки или заговор; отдельный срок не назначается","false"
"spell","SPELL-0253","Падение пёрышком","false","no individual charge pool","Ячейки или заговор; отдельный срок не назначается","false"
"spell","SPELL-0171","Волна грома","false","no individual charge pool","Ячейки или заговор; отдельный срок не назначается","false"
"spell","stone_shape","Изменение формы камня","false","no individual charge pool","Ячейки или заговор; отдельный срок не назначается","false"
"spell","resurrection","Воскрешение","false","no individual charge pool","Ячейки или заговор; отдельный срок не назначается","false"
"spell","SPELL-0248","Открывание","false","no individual charge pool","Ячейки или заговор; отдельный срок не назначается","false"
"spell","SPELL-0294","Сообщение","false","no individual charge pool","Ячейки или заговор; отдельный срок не назначается","false"
"spell","SPELL-VAR-SPELL-0221-poisoned","Малое восстановление — Отравленный","false","no individual charge pool","Ячейки или заговор; отдельный срок не назначается","false"
"spell","SPELL-VAR-SPELL-0295-cold","Сопротивление — Холод","false","no individual charge pool","Ячейки или заговор; отдельный срок не назначается","false"
"spell","animate_dead","Поднятие мертвеца","false","no individual charge pool","Ячейки или заговор; отдельный срок не назначается","false"
"spell","cone_of_cold","Конус холода","false","no individual charge pool","Ячейки или заговор; отдельный срок не назначается","false"
"spell","SPELL-VAR-SPELL-0295-fire","Сопротивление — Огонь","false","no individual charge pool","Ячейки или заговор; отдельный срок не назначается","false"
"spell","SPELL-VAR-SPELL-0224-weapon","Меткий удар — Обычный тип оружия","false","no individual charge pool","Ячейки или заговор; отдельный срок не назначается","false"
"spell","SPELL-VAR-SPELL-0315-acid","Чародейский выброс — Кислота","false","no individual charge pool","Ячейки или заговор; отдельный срок не назначается","false"
"spell","SPELL-0166","Брызги кислоты","false","no individual charge pool","Ячейки или заговор; отдельный срок не назначается","false"
"spell","SPELL-0256","Парящий диск Тензера","false","no individual charge pool","Ячейки или заговор; отдельный срок не назначается","false"
"spell","vampiric_touch","Прикосновение вампира","false","no individual charge pool","Ячейки или заговор; отдельный срок не назначается","false"
"spell","SPELL-VAR-SPELL-0315-psychic","Чародейский выброс — Психическая энергия","false","no individual charge pool","Ячейки или заговор; отдельный срок не назначается","false"
"spell","druidcraft","Искусство друидов","false","no individual charge pool","Ячейки или заговор; отдельный срок не назначается","false"
"spell","giant_insect","Гигантское насекомое","false","no individual charge pool","Ячейки или заговор; отдельный срок не назначается","false"
"spell","hypnotic_pattern","Гипнотический узор","false","no individual charge pool","Ячейки или заговор; отдельный срок не назначается","false"
"spell","incendiary_cloud","Воспламеняющаяся туча","false","no individual charge pool","Ячейки или заговор; отдельный срок не назначается","false"
"spell","SPELL-VAR-greater-restoration-exhaustion","Высшее восстановление — Снять один уровень Истощения","false","no individual charge pool","Ячейки или заговор; отдельный срок не назначается","false"
"spell","fire_storm","Огненная буря","false","no individual charge pool","Ячейки или заговор; отдельный срок не назначается","false"
"spell","hellish_rebuke","Адское возмездие","false","no individual charge pool","Ячейки или заговор; отдельный срок не назначается","false"
"spell","SPELL-VAR-SPELL-0272-approach","Приказ — Подойди","false","no individual charge pool","Ячейки или заговор; отдельный срок не назначается","false"
"spell","SPELL-VAR-contagion-int","Заражение — Интеллект","false","no individual charge pool","Ячейки или заговор; отдельный срок не назначается","false"
"spell","pass_without_trace","Бесследное передвижение","false","no individual charge pool","Ячейки или заговор; отдельный срок не назначается","false"
"spell","SPELL-VAR-SPELL-0287-int","Сглаз — Интеллект","false","no individual charge pool","Ячейки или заговор; отдельный срок не назначается","false"
"spell","SPELL-0188","Добряника","false","no individual charge pool","Ячейки или заговор; отдельный срок не назначается","false"
"spell","dimension_door","Переносящая дверь","false","no individual charge pool","Ячейки или заговор; отдельный срок не назначается","false"
"spell","athenas_strike","Удар Афины","false","narrative individual limit","Один раз до короткого отдыха; указано в описании, механика намеренно отсутствует","false"
"spell","raise_dead","Оживление","false","no individual charge pool","Ячейки или заговор; отдельный срок не назначается","false"
"spell","SPELL-VAR-SPELL-0230-persuasion","Наставление — Убеждение","false","no individual charge pool","Ячейки или заговор; отдельный срок не назначается","false"
"spell","disintegrate","Распад","false","no individual charge pool","Ячейки или заговор; отдельный срок не назначается","false"
"spell","SPELL-0271","Почтовое животное","false","no individual charge pool","Ячейки или заговор; отдельный срок не назначается","false"
"spell","SPELL-0228","Нанесение ран","false","no individual charge pool","Ячейки или заговор; отдельный срок не назначается","false"
"spell","SPELL-VAR-SPELL-0224-radiant","Меткий удар — Излучение","false","no individual charge pool","Ячейки или заговор; отдельный срок не назначается","false"
"spell","magic_jar","Волшебный сосуд","false","no individual charge pool","Ячейки или заговор; отдельный срок не назначается","false"
"spell","beacon_of_hope","Маяк надежды","false","no individual charge pool","Ячейки или заговор; отдельный срок не назначается","false"
"spell","SPELL-0199","Жуткий смех Таши","false","no individual charge pool","Ячейки или заговор; отдельный срок не назначается","false"
"spell","SPELL-VAR-SPELL-0315-fire","Чародейский выброс — Огонь","false","no individual charge pool","Ячейки или заговор; отдельный срок не назначается","false"
"spell","SPELL-VAR-SPELL-0197-acid","Дыхание дракона — Кислота","false","no individual charge pool","Ячейки или заговор; отдельный срок не назначается","false"
"spell","SPELL-VAR-greater-restoration-charmed","Высшее восстановление — Снять Очарование","false","no individual charge pool","Ячейки или заговор; отдельный срок не назначается","false"
"spell","SPELL-0250","Охраняющая связь","false","no individual charge pool","Ячейки или заговор; отдельный срок не назначается","false"
"spell","water_breathing","Подводное дыхание","false","no individual charge pool","Ячейки или заговор; отдельный срок не назначается","false"
"spell","SPELL-VAR-SPELL-0295-poison","Сопротивление — Яд","false","no individual charge pool","Ячейки или заговор; отдельный срок не назначается","false"
"spell","steel_wind_strike","Удар стального ветра","false","no individual charge pool","Ячейки или заговор; отдельный срок не назначается","false"
"spell","plane_shift","Планарный переход","false","no individual charge pool","Ячейки или заговор; отдельный срок не назначается","false"
"spell","dispel_evil_and_good","Рассеивание добра и зла","false","no individual charge pool","Ячейки или заговор; отдельный срок не назначается","false"
"spell","SPELL-0282","Речь златоуста","false","no individual charge pool","Ячейки или заговор; отдельный срок не назначается","false"
"spell","wall_of_thorns","Терновая стена","false","no individual charge pool","Ячейки или заговор; отдельный срок не назначается","false"
"spell","legend_lore","Знание легенд","false","no individual charge pool","Ячейки или заговор; отдельный срок не назначается","false"
"spell","SPELL-0307","Увеличение/уменьшение","false","no individual charge pool","Ячейки или заговор; отдельный срок не назначается","false"
"spell","SPELL-0225","Мистическая бодрость","false","no individual charge pool","Ячейки или заговор; отдельный срок не назначается","false"
"spell","sunburst","Солнечный ожог","false","no individual charge pool","Ячейки или заговор; отдельный срок не назначается","false"
"spell","SPELL-VAR-contagion-str","Заражение — Сила","false","no individual charge pool","Ячейки или заговор; отдельный срок не назначается","false"
"spell","fire_bolt","Огненный снаряд","false","no individual charge pool","Ячейки или заговор; отдельный срок не назначается","false"
"spell","transport_via_plants","Путешествие через растения","false","no individual charge pool","Ячейки или заговор; отдельный срок не назначается","false"
"spell","wind_walk","Хождение по ветру","false","no individual charge pool","Ячейки или заговор; отдельный срок не назначается","false"
"spell","destructive_wave","Разрушительная волна","false","no individual charge pool","Ячейки или заговор; отдельный срок не назначается","false"
"spell","SPELL-0306","Убежище","false","no individual charge pool","Ячейки или заговор; отдельный срок не назначается","false"
"spell","SPELL-VAR-SPELL-0197-fire","Дыхание дракона — Огонь","false","no individual charge pool","Ячейки или заговор; отдельный срок не назначается","false"
"spell","aura_of_vitality","Аура живучести","false","no individual charge pool","Ячейки или заговор; отдельный срок не назначается","false"
"spell","SPELL-VAR-SPELL-0296-create-rain","Сотворение или уничтожение воды — Создать дождь","false","no individual charge pool","Ячейки или заговор; отдельный срок не назначается","false"
"spell","SPELL-VAR-SPELL-0230-athletics","Наставление — Атлетика","false","no individual charge pool","Ячейки или заговор; отдельный срок не назначается","false"
"spell","circle_of_death","Круг смерти","false","no individual charge pool","Ячейки или заговор; отдельный срок не назначается","false"
"spell","call_lightning","Призыв молнии","false","no individual charge pool","Ячейки или заговор; отдельный срок не назначается","false"
"spell","SPELL-VAR-SPELL-0295-slashing","Сопротивление — Рубящий","false","no individual charge pool","Ячейки или заговор; отдельный срок не назначается","false"
"spell","SPELL-VAR-SPELL-0298-earth","Стихийность — Призыв земли","false","no individual charge pool","Ячейки или заговор; отдельный срок не назначается","false"
"spell","SPELL-VAR-thaumaturgy-eyes","Чудотворство — Изменённые глаза","false","no individual charge pool","Ячейки или заговор; отдельный срок не назначается","false"
"spell","seeming","Притворство","false","no individual charge pool","Ячейки или заговор; отдельный срок не назначается","false"
"spell","dominate_beast","Подчинение зверя","false","no individual charge pool","Ячейки или заговор; отдельный срок не назначается","false"
"spell","summon_aberration","Вызов Аберрации","false","no individual charge pool","Ячейки или заговор; отдельный срок не назначается","false"
"spell","word_of_recall","Слово возврата","false","no individual charge pool","Ячейки или заговор; отдельный срок не назначается","false"
"spell","dream","Грёзы","false","no individual charge pool","Ячейки или заговор; отдельный срок не назначается","false"
"spell","jallarzis_storm_of_radiance","Сияющая буря Джалларзи","false","no individual charge pool","Ячейки или заговор; отдельный срок не назначается","false"
"spell","foresight","Предвидение","false","no individual charge pool","Ячейки или заговор; отдельный срок не назначается","false"
"spell","SPELL-0222","Маскировка","false","no individual charge pool","Ячейки или заговор; отдельный срок не назначается","false"
"spell","antilife_shell","Преграда жизни","false","no individual charge pool","Ячейки или заговор; отдельный срок не назначается","false"
"spell","SPELL-VAR-elemental-weapon-acid","Стихийное оружие — Кислота","false","no individual charge pool","Ячейки или заговор; отдельный срок не назначается","false"
"spell","SPELL-VAR-SPELL-0298-fire","Стихийность — Призыв огня","false","no individual charge pool","Ячейки или заговор; отдельный срок не назначается","false"
"spell","mending","Починка","false","no individual charge pool","Ячейки или заговор; отдельный срок не назначается","false"
"spell","SPELL-0178","Вызов Зверя","false","no individual charge pool","Ячейки или заговор; отдельный срок не назначается","false"
"spell","SPELL-VAR-SPELL-0287-str","Сглаз — Сила","false","no individual charge pool","Ячейки или заговор; отдельный срок не назначается","false"
"spell","confusion","Смятение","false","no individual charge pool","Ячейки или заговор; отдельный срок не назначается","false"
"spell","SPELL-0192","Дружба","false","no individual charge pool","Ячейки или заговор; отдельный срок не назначается","false"
"spell","earthquake","Землетрясение","false","no individual charge pool","Ячейки или заговор; отдельный срок не назначается","false"
"spell","flesh_to_stone","Окаменение","false","no individual charge pool","Ячейки или заговор; отдельный срок не назначается","false"
"spell","mass_cure_wounds","Множественное лечение ран","false","no individual charge pool","Ячейки или заговор; отдельный срок не назначается","false"
"spell","control_water","Власть над водами","false","no individual charge pool","Ячейки или заговор; отдельный срок не назначается","false"
"spell","SPELL-VAR-SPELL-0295-thunder","Сопротивление — Гром","false","no individual charge pool","Ячейки или заговор; отдельный срок не назначается","false"
"spell","SPELL-0168","Вечный огонь","false","no individual charge pool","Ячейки или заговор; отдельный срок не назначается","false"
"spell","SPELL-VAR-SPELL-0295-piercing","Сопротивление — Колющий","false","no individual charge pool","Ячейки или заговор; отдельный срок не назначается","false"
"spell","SPELL-VAR-SPELL-0314-acid","Цветной шарик — Кислота","false","no individual charge pool","Ячейки или заговор; отдельный срок не назначается","false"
"spell","leomunds_secret_chest","Потайной сундук Леомунда","false","no individual charge pool","Ячейки или заговор; отдельный срок не назначается","false"
"spell","rarys_telepathic_bond","Ментальная связь Рэри","false","no individual charge pool","Ячейки или заговор; отдельный срок не назначается","false"
"spell","SPELL-0318","Щит веры","false","no individual charge pool","Ячейки или заговор; отдельный срок не назначается","false"
"spell","circle_of_power","Круг силы","false","no individual charge pool","Ячейки или заговор; отдельный срок не назначается","false"
"spell","wall_of_stone","Каменная стена","false","no individual charge pool","Ячейки или заговор; отдельный срок не назначается","false"
"spell","SPELL-0177","Воображаемая сила","false","no individual charge pool","Ячейки или заговор; отдельный срок не назначается","false"
"spell","demiplane","Демиплан","false","no individual charge pool","Ячейки или заговор; отдельный срок не назначается","false"
"spell","SPELL-VAR-contagion-wis","Заражение — Мудрость","false","no individual charge pool","Ячейки или заговор; отдельный срок не назначается","false"
"spell","planar_ally","Планарный союзник","false","no individual charge pool","Ячейки или заговор; отдельный срок не назначается","false"
"spell","chain_lightning","Цепная молния","false","no individual charge pool","Ячейки или заговор; отдельный срок не назначается","false"
"spell","locate_creature","Поиск существа","false","no individual charge pool","Ячейки или заговор; отдельный срок не назначается","false"
"spell","SPELL-0252","Очищение пищи и питья","false","no individual charge pool","Ячейки или заговор; отдельный срок не назначается","false"
"spell","speak_with_plants","Разговор с Растениями","false","no individual charge pool","Ячейки или заговор; отдельный срок не назначается","false"
"spell","SPELL-0263","Поиск ловушек","false","no individual charge pool","Ячейки или заговор; отдельный срок не назначается","false"
"spell","SPELL-0249","Отражения","false","no individual charge pool","Ячейки или заговор; отдельный срок не назначается","false"
"spell","SPELL-0262","Поиск животных или растений","false","no individual charge pool","Ячейки или заговор; отдельный срок не назначается","false"
"spell","maze","Лабиринт","false","no individual charge pool","Ячейки или заговор; отдельный срок не назначается","false"
"spell","SPELL-VAR-SPELL-0230-performance","Наставление — Выступление","false","no individual charge pool","Ячейки или заговор; отдельный срок не назначается","false"
"spell","SPELL-VAR-greater-restoration-max-hp-reduction","Высшее восстановление — Восстановить максимум Хитов","false","no individual charge pool","Ячейки или заговор; отдельный срок не назначается","false"
"spell","teleportation_circle","Круг телепортации","false","no individual charge pool","Ячейки или заговор; отдельный срок не назначается","false"
"spell","hallow","Святилище","false","no individual charge pool","Ячейки или заговор; отдельный срок не назначается","false"
"spell","magnificent_mansion","Великолепный особняк Морденкайнена","false","no individual charge pool","Ячейки или заговор; отдельный срок не назначается","false"
"spell","water_walk","Хождение по воде","false","no individual charge pool","Ячейки или заговор; отдельный срок не назначается","false"
"spell","glyph_of_warding","Охранная руна","false","no individual charge pool","Ячейки или заговор; отдельный срок не назначается","false"
"spell","SPELL-VAR-SPELL-0230-sleight-of-hand","Наставление — Ловкость рук","false","no individual charge pool","Ячейки или заговор; отдельный срок не назначается","false"
"spell","conjure_woodland_beings","Призыв лесных обитателей","false","no individual charge pool","Ячейки или заговор; отдельный срок не назначается","false"
"spell","fireball","Огненный шар","false","no individual charge pool","Ячейки или заговор; отдельный срок не назначается","false"
"spell","passwall","Создание прохода","false","no individual charge pool","Ячейки или заговор; отдельный срок не назначается","false"
"spell","conjure_celestial","Призыв Небожителя","false","no individual charge pool","Ячейки или заговор; отдельный срок не назначается","false"
"spell","forcecage","Узилище","false","no individual charge pool","Ячейки или заговор; отдельный срок не назначается","false"
"spell","mordenkainens_private_sanctum","Кабинет Морденкайнена","false","no individual charge pool","Ячейки или заговор; отдельный срок не назначается","false"
"spell","SPELL-0230","Наставление","false","no individual charge pool","Ячейки или заговор; отдельный срок не назначается","false"
"spell","SPELL-0173","Волшебная рука","false","no individual charge pool","Ячейки или заговор; отдельный срок не назначается","false"
"spell","move_earth","Движение почвы","false","no individual charge pool","Ячейки или заговор; отдельный срок не назначается","false"
"spell","SPELL-VAR-SPELL-0230-history","Наставление — История","false","no individual charge pool","Ячейки или заговор; отдельный срок не назначается","false"
"spell","hold_person","Удержание личности","false","no individual charge pool","Ячейки или заговор; отдельный срок не назначается","false"
"spell","SPELL-0242","Огненные ладони","false","no individual charge pool","Ячейки или заговор; отдельный срок не назначается","false"
"spell","mordenkainens_faithful_hound","Верный пёс Морденкайнена","false","no individual charge pool","Ячейки или заговор; отдельный срок не назначается","false"
"spell","SPELL-0203","Защита от яда","false","no individual charge pool","Ячейки или заговор; отдельный срок не назначается","false"
"spell","SPELL-0202","Защита от оружия","false","no individual charge pool","Ячейки или заговор; отдельный срок не назначается","false"
"spell","SPELL-0482","Астральный рывок","false","no individual charge pool","Ячейки или заговор; отдельный срок не назначается","false"
"spell","SPELL-0276","Пылающий шар","false","no individual charge pool","Ячейки или заговор; отдельный срок не назначается","false"
"spell","SPELL-VAR-SPELL-0230-perception","Наставление — Восприятие","false","no individual charge pool","Ячейки или заговор; отдельный срок не назначается","false"
"spell","storm_of_vengeance","Гроза гнева","false","no individual charge pool","Ячейки или заговор; отдельный срок не назначается","false"
"spell","programmed_illusion","Заданная иллюзия","false","no individual charge pool","Ячейки или заговор; отдельный срок не назначается","false"
"spell","SPELL-0291","Слово сияния","false","no individual charge pool","Ячейки или заговор; отдельный срок не назначается","false"
"spell","SPELL-0240","Обретение скакуна","false","no individual charge pool","Ячейки или заговор; отдельный срок не назначается","false"
"spell","yolandes_regal_presence","Царственное величие Йоланды","false","no individual charge pool","Ячейки или заговор; отдельный срок не назначается","false"
"spell","SPELL-0180","Гадание","false","no individual charge pool","Ячейки или заговор; отдельный срок не назначается","false"
"spell","heal","Исцеление","false","no individual charge pool","Ячейки или заговор; отдельный срок не назначается","false"
"spell","geas","Гейс","false","no individual charge pool","Ячейки или заговор; отдельный срок не назначается","false"
"spell","vitriolic_sphere","Едкий шар","false","no individual charge pool","Ячейки или заговор; отдельный срок не назначается","false"
"spell","conjure_fey","Призыв Феи","false","no individual charge pool","Ячейки или заговор; отдельный срок не назначается","false"
"spell","poison_spray","Ядовитые брызги","false","no individual charge pool","Ячейки или заговор; отдельный срок не назначается","false"
"spell","SPELL-0266","Поросль шипов","false","no individual charge pool","Ячейки или заговор; отдельный срок не назначается","false"
"spell","SPELL-0264","Поиск объекта","false","no individual charge pool","Ячейки или заговор; отдельный срок не назначается","false"
"spell","SPELL-VAR-thaumaturgy-door","Чудотворство — Невидимая рука","false","no individual charge pool","Ячейки или заговор; отдельный срок не назначается","false"
"spell","SPELL-VAR-SPELL-0315-thunder","Чародейский выброс — Звук","false","no individual charge pool","Ячейки или заговор; отдельный срок не назначается","false"
"spell","cloudkill","Облако смерти","false","no individual charge pool","Ячейки или заговор; отдельный срок не назначается","false"
"spell","SPELL-0204","Звёздный светлячок","false","no individual charge pool","Ячейки или заговор; отдельный срок не назначается","false"
"spell","SPELL-VAR-thaumaturgy-tremor","Чудотворство — Дрожь","false","no individual charge pool","Ячейки или заговор; отдельный срок не назначается","false"
"spell","dominate_monster","Подчинение чудовища","false","no individual charge pool","Ячейки или заговор; отдельный срок не назначается","false"
"spell","summon_celestial","Вызов Небожителя","false","no individual charge pool","Ячейки или заговор; отдельный срок не назначается","false"
"spell","SPELL-VAR-SPELL-0230-acrobatics","Наставление — Акробатика","false","no individual charge pool","Ячейки или заговор; отдельный срок не назначается","false"
"spell","SPELL-0229","Направляющий снаряд","false","no individual charge pool","Ячейки или заговор; отдельный срок не назначается","false"
"spell","SPELL-0183","Гневная кара","false","no individual charge pool","Ячейки или заговор; отдельный срок не назначается","false"
"spell","blight","Усыхание","false","no individual charge pool","Ячейки или заговор; отдельный срок не назначается","false"
"spell","SPELL-0201","Защита от добра и зла","false","no individual charge pool","Ячейки или заговор; отдельный срок не назначается","false"
"spell","SPELL-0187","Диссонирующий шёпот","false","no individual charge pool","Ячейки или заговор; отдельный срок не назначается","false"
"spell","SPELL-VAR-SPELL-0230-religion","Наставление — Религия","false","no individual charge pool","Ячейки или заговор; отдельный срок не назначается","false"
"spell","symbol","Знак","false","no individual charge pool","Ячейки или заговор; отдельный срок не назначается","false"
"spell","SPELL-0197","Дыхание дракона","false","no individual charge pool","Ячейки или заговор; отдельный срок не назначается","false"
"spell","summon_fiend","Вызов Исчадия","false","no individual charge pool","Ячейки или заговор; отдельный срок не назначается","false"
"spell","SPELL-0198","Животные чувства","false","no individual charge pool","Ячейки или заговор; отдельный срок не назначается","false"
"spell","phantasmal_killer","Воображаемый убийца","false","no individual charge pool","Ячейки или заговор; отдельный срок не назначается","false"
"spell","SPELL-0299","Тёмное зрение","false","no individual charge pool","Ячейки или заговор; отдельный срок не назначается","false"
"spell","hold_monster","Удержание чудовища","false","no individual charge pool","Ячейки или заговор; отдельный срок не назначается","false"
"spell","thaumaturgy","Чудотворство","false","no individual charge pool","Ячейки или заговор; отдельный срок не назначается","false"
"spell","SPELL-VAR-plant-growth-overgrowth","Рост растений — Чрезмерный рост","false","no individual charge pool","Ячейки или заговор; отдельный срок не назначается","false"
"spell","SPELL-0223","Метка охотника","false","no individual charge pool","Ячейки или заговор; отдельный срок не назначается","false"
"spell","wind_wall","Стена ветров","false","no individual charge pool","Ячейки или заговор; отдельный срок не назначается","false"
"spell","SPELL-0286","Священное пламя","false","no individual charge pool","Ячейки или заговор; отдельный срок не назначается","false"
"spell","SPELL-0214","Лечение ран","false","no individual charge pool","Ячейки или заговор; отдельный срок не назначается","false"
"spell","SPELL-0245","Опознание","false","no individual charge pool","Ячейки или заговор; отдельный срок не назначается","false"
"spell","compulsion","Принуждение","false","no individual charge pool","Ячейки или заговор; отдельный срок не назначается","false"
"spell","hunger_of_hadar","Голод Хадара","false","no individual charge pool","Ячейки или заговор; отдельный срок не назначается","false"
"spell","SPELL-0278","Размытый образ","false","no individual charge pool","Ячейки или заговор; отдельный срок не назначается","false"
"spell","major_image","Образ","false","no individual charge pool","Ячейки или заговор; отдельный срок не назначается","false"
"spell","eyebite","Разящее око","false","no individual charge pool","Ячейки или заговор; отдельный срок не назначается","false"
"spell","conjure_minor_elementals","Призыв малых Элементалей","false","no individual charge pool","Ячейки или заговор; отдельный срок не назначается","false"
"spell","SPELL-VAR-plant-growth-enrichment","Рост растений — Урожайность","false","no individual charge pool","Ячейки или заговор; отдельный срок не назначается","false"
"spell","divine_word","Божественное слово","false","no individual charge pool","Ячейки или заговор; отдельный срок не назначается","false"
"spell","ray_of_sickness","Луч болезни","false","no individual charge pool","Ячейки или заговор; отдельный срок не назначается","false"
"spell","SPELL-0174","Волшебная стрела","false","no individual charge pool","Ячейки или заговор; отдельный срок не назначается","false"
"spell","SPELL-0233","Нетленные останки","false","no individual charge pool","Ячейки или заговор; отдельный срок не назначается","false"
"spell","swift_quiver","Быстрый колчан","false","no individual charge pool","Ячейки или заговор; отдельный срок не назначается","false"
"spell","SPELL-0167","Ведьмин снаряд","false","no individual charge pool","Ячейки или заговор; отдельный срок не назначается","false"
"spell","SPELL-VAR-SPELL-0295-lightning","Сопротивление — Молния","false","no individual charge pool","Ячейки или заговор; отдельный срок не назначается","false"
"spell","darkness","Тьма","false","no individual charge pool","Ячейки или заговор; отдельный срок не назначается","false"
"spell","animal_shapes","Превращение в животных","false","no individual charge pool","Ячейки или заговор; отдельный срок не назначается","false"
"spell","SPELL-VAR-SPELL-0230-medicine","Наставление — Медицина","false","no individual charge pool","Ячейки или заговор; отдельный срок не назначается","false"
"spell","SPELL-VAR-SPELL-0221-paralyzed","Малое восстановление — Парализованный","false","no individual charge pool","Ячейки или заговор; отдельный срок не назначается","false"
"spell","hallucinatory_terrain","Мираж","false","no individual charge pool","Ячейки или заговор; отдельный срок не назначается","false"
"spell","SPELL-0247","Опутывающий удар","false","no individual charge pool","Ячейки или заговор; отдельный срок не назначается","false"
"spell","reverse_gravity","Изменение тяготения","false","no individual charge pool","Ячейки или заговор; отдельный срок не назначается","false"
"spell","time_stop","Остановка времени","false","no individual charge pool","Ячейки или заговор; отдельный срок не назначается","false"
"spell","holy_aura","Аура святости","false","no individual charge pool","Ячейки или заговор; отдельный срок не назначается","false"
"spell","SPELL-0315","Чародейский выброс","false","no individual charge pool","Ячейки или заговор; отдельный срок не назначается","false"
"spell","SPELL-VAR-SPELL-0230-intimidation","Наставление — Запугивание","false","no individual charge pool","Ячейки или заговор; отдельный срок не назначается","false"
"spell","SPELL-VAR-SPELL-0221-blinded","Малое восстановление — Ослеплённый","false","no individual charge pool","Ячейки или заговор; отдельный срок не назначается","false"
"spell","stoneskin","Каменная кожа","false","no individual charge pool","Ячейки или заговор; отдельный срок не назначается","false"
"spell","SPELL-VAR-SPELL-0314-cold","Цветной шарик — Холод","false","no individual charge pool","Ячейки или заговор; отдельный срок не назначается","false"
"spell","find_the_path","Поиск пути","false","no individual charge pool","Ячейки или заговор; отдельный срок не назначается","false"
"spell","reincarnate","Реинкарнация","false","no individual charge pool","Ячейки или заговор; отдельный срок не назначается","false"
"spell","heroes_feast","Пир героев","false","no individual charge pool","Ячейки или заговор; отдельный срок не назначается","false"
"spell","telepathy","Телепатия","false","no individual charge pool","Ячейки или заговор; отдельный срок не назначается","false"
"spell","wall_of_force","Силовая стена","false","no individual charge pool","Ячейки или заговор; отдельный срок не назначается","false"
"spell","SPELL-VAR-SPELL-0272-flee","Приказ — Убегай","false","no individual charge pool","Ячейки или заговор; отдельный срок не назначается","false"
"spell","otilukes_resilient_sphere","Упругий шар Отилюка","false","no individual charge pool","Ячейки или заговор; отдельный срок не назначается","false"
"spell","SPELL-0185","Град шипов","false","no individual charge pool","Ячейки или заговор; отдельный срок не назначается","false"
"spell","SPELL-0181","Героизм","false","no individual charge pool","Ячейки или заговор; отдельный срок не назначается","false"
"spell","true_seeing","Истинный взор","false","no individual charge pool","Ячейки или заговор; отдельный срок не назначается","false"
"spell","feign_death","Притворная смерть","false","no individual charge pool","Ячейки или заговор; отдельный срок не назначается","false"
"spell","flame_strike","Небесный огонь","false","no individual charge pool","Ячейки или заговор; отдельный срок не назначается","false"
"spell","SPELL-0165","Божественное благоволение","false","no individual charge pool","Ячейки или заговор; отдельный срок не назначается","false"
"spell","SPELL-0251","Очарование личности","false","no individual charge pool","Ячейки или заговор; отдельный срок не назначается","false"
"spell","SPELL-VAR-SPELL-0230-survival","Наставление — Выживание","false","no individual charge pool","Ячейки или заговор; отдельный срок не назначается","false"
"spell","conjure_elemental","Призыв Элементаля","false","no individual charge pool","Ячейки или заговор; отдельный срок не назначается","false"
"spell","SPELL-VAR-SPELL-0298-air","Стихийность — Призыв воздуха","false","no individual charge pool","Ячейки или заговор; отдельный срок не назначается","false"
"spell","SPELL-0236","Обнаружение болезней и яда","false","no individual charge pool","Ячейки или заговор; отдельный срок не назначается","false"
"spell","SPELL-0272","Приказ","false","no individual charge pool","Ячейки или заговор; отдельный срок не назначается","false"
"spell","nondetection","Необнаружимость","false","no individual charge pool","Ячейки или заговор; отдельный срок не назначается","false"
"spell","SPELL-0260","Погребальный звон","false","no individual charge pool","Ячейки или заговор; отдельный срок не назначается","false"
"spell","crusaders_mantle","Мантия крестоносца","false","no individual charge pool","Ячейки или заговор; отдельный срок не назначается","false"
"spell","greater_restoration","Высшее восстановление","false","no individual charge pool","Ячейки или заговор; отдельный срок не назначается","false"
"spell","prismatic_spray","Радужные брызги","false","no individual charge pool","Ячейки или заговор; отдельный срок не назначается","false"
"spell","SPELL-VAR-elemental-weapon-fire","Стихийное оружие — Огонь","false","no individual charge pool","Ячейки или заговор; отдельный срок не назначается","false"
"spell","SPELL-0241","Обретение фамильяра","false","no individual charge pool","Ячейки или заговор; отдельный срок не назначается","false"
"spell","SPELL-VAR-protection-from-energy-lightning","Защита от энергии — Электричество","false","no individual charge pool","Ячейки или заговор; отдельный срок не назначается","false"
"spell","gate","Врата","false","no individual charge pool","Ячейки или заговор; отдельный срок не назначается","false"
"spell","SPELL-0288","Сигнал тревоги","false","no individual charge pool","Ячейки или заговор; отдельный срок не назначается","false"
"spell","dispel_magic","Рассеивание магии","false","no individual charge pool","Ячейки или заговор; отдельный срок не назначается","false"
"spell","SPELL-0200","Завеса стрел","false","no individual charge pool","Ячейки или заговор; отдельный срок не назначается","false"
"spell","creation","Сотворение","false","no individual charge pool","Ячейки или заговор; отдельный срок не назначается","false"
"spell","befuddlement","Замешательство","false","no individual charge pool","Ячейки или заговор; отдельный срок не назначается","false"
"spell","SPELL-0186","Громовая кара","false","no individual charge pool","Ячейки или заговор; отдельный срок не назначается","false"
"spell","SPELL-0219","Магическое оружие","false","no individual charge pool","Ячейки или заговор; отдельный срок не назначается","false"
"spell","SPELL-0191","Дребезги","false","no individual charge pool","Ячейки или заговор; отдельный срок не назначается","false"
"spell","SPELL-VAR-SPELL-0309-dex","Улучшение характеристики — Ловкость","false","no individual charge pool","Ячейки или заговор; отдельный срок не назначается","false"
"spell","faerie_fire","Огонь фей","false","no individual charge pool","Ячейки или заговор; отдельный срок не назначается","false"
"spell","SPELL-0184","Горящий клинок","false","no individual charge pool","Ячейки или заговор; отдельный срок не назначается","false"
"spell","dancing_lights","Пляшущие огоньки","false","no individual charge pool","Ячейки или заговор; отдельный срок не назначается","false"
"spell","freedom_of_movement","Свобода перемещения","false","no individual charge pool","Ячейки или заговор; отдельный срок не назначается","false"
"spell","counterspell","Контрзаклинание","false","no individual charge pool","Ячейки или заговор; отдельный срок не назначается","false"
"spell","SPELL-0246","Опутывание","false","no individual charge pool","Ячейки или заговор; отдельный срок не назначается","false"
"spell","awaken","Пробуждение разума","false","no individual charge pool","Ячейки или заговор; отдельный срок не назначается","false"
"spell","SPELL-0261","Подмога","false","no individual charge pool","Ячейки или заговор; отдельный срок не назначается","false"
"spell","etherealness","Эфирность","false","no individual charge pool","Ячейки или заговор; отдельный срок не назначается","false"
"spell","SPELL-0277","Разговор с животными","false","no individual charge pool","Ячейки или заговор; отдельный срок не назначается","false"
"spell","SPELL-0258","Паучье лазание","false","no individual charge pool","Ячейки или заговор; отдельный срок не назначается","false"
"spell","SPELL-0287","Сглаз","false","no individual charge pool","Ячейки или заговор; отдельный срок не назначается","false"
"spell","SPELL-VAR-SPELL-0197-lightning","Дыхание дракона — Электричество","false","no individual charge pool","Ячейки или заговор; отдельный срок не назначается","false"
"spell","aura_of_life","Аура жизни","false","no individual charge pool","Ячейки или заговор; отдельный срок не назначается","false"
"spell","true_polymorph","Истинное превращение","false","no individual charge pool","Ячейки или заговор; отдельный срок не назначается","false"
"spell","SPELL-0485","Ареал надежды","false","no individual charge pool","Ячейки или заговор; отдельный срок не назначается","false"
"spell","SPELL-0298","Стихийность","false","no individual charge pool","Ячейки или заговор; отдельный срок не назначается","false"
"spell","SPELL-VAR-elemental-weapon-cold","Стихийное оружие — Холод","false","no individual charge pool","Ячейки или заговор; отдельный срок не назначается","false"
"spell","fear","Страх","false","no individual charge pool","Ячейки или заговор; отдельный срок не назначается","false"
"spell","SPELL-VAR-SPELL-0309-str","Улучшение характеристики — Сила","false","no individual charge pool","Ячейки или заговор; отдельный срок не назначается","false"
"spell","SPELL-VAR-contagion-cha","Заражение — Харизма","false","no individual charge pool","Ячейки или заговор; отдельный срок не назначается","false"
"spell","greater_invisibility","Высшая невидимость","false","no individual charge pool","Ячейки или заговор; отдельный срок не назначается","false"
"spell","grasping_vine","Цепкая лоза","false","no individual charge pool","Ячейки или заговор; отдельный срок не назначается","false"
"spell","SPELL-0297","Сотворение пламени","false","no individual charge pool","Ячейки или заговор; отдельный срок не назначается","false"
"spell","SPELL-VAR-SPELL-0296-destroy-fog","Сотворение или уничтожение воды — Уничтожить туман","false","no individual charge pool","Ячейки или заговор; отдельный срок не назначается","false"
"spell","contagion","Заражение","false","no individual charge pool","Ячейки или заговор; отдельный срок не назначается","false"
"spell","SPELL-0208","Кислотная стрела Мельфа","false","no individual charge pool","Ячейки или заговор; отдельный срок не назначается","false"
"spell","blink","Мерцание","false","no individual charge pool","Ячейки или заговор; отдельный срок не назначается","false"
"spell","mass_heal","Множественное исцеление","false","no individual charge pool","Ячейки или заговор; отдельный срок не назначается","false"
"spell","SPELL-0269","Поспешное отступление","false","no individual charge pool","Ячейки или заговор; отдельный срок не назначается","false"
"spell","banishment","Изгнание","false","no individual charge pool","Ячейки или заговор; отдельный срок не назначается","false"
"spell","SPELL-0295","Сопротивление","false","no individual charge pool","Ячейки или заговор; отдельный срок не назначается","false"
"spell","SPELL-0205","Злая насмешка","false","no individual charge pool","Ячейки или заговор; отдельный срок не назначается","false"
"spell","misty_step","Туманный шаг","false","no individual charge pool","Ячейки или заговор; отдельный срок не назначается","false"
"spell","SPELL-VAR-SPELL-0295-bludgeoning","Сопротивление — Дробящий","false","no individual charge pool","Ячейки или заговор; отдельный срок не назначается","false"
"spell","elemental_weapon","Стихийное оружие","false","no individual charge pool","Ячейки или заговор; отдельный срок не назначается","false"
"spell","SPELL-0206","Иллюзорные письмена","false","no individual charge pool","Ячейки или заговор; отдельный срок не назначается","false"
"spell","SPELL-0265","Понимание языков","false","no individual charge pool","Ячейки или заговор; отдельный срок не назначается","false"
"spell","fly","Полёт","false","no individual charge pool","Ячейки или заговор; отдельный срок не назначается","false"
"spell","SPELL-VAR-SPELL-0272-drop","Приказ — Брось","false","no individual charge pool","Ячейки или заговор; отдельный срок не назначается","false"
"spell","SPELL-0293","Смена обличья","false","no individual charge pool","Ячейки или заговор; отдельный срок не назначается","false"
"spell","SPELL-0193","Дружба с животными","false","no individual charge pool","Ячейки или заговор; отдельный срок не назначается","false"
"spell","summon_fey","Вызов Феи","false","no individual charge pool","Ячейки или заговор; отдельный срок не назначается","false"
"spell","SPELL-0281","Расщепление разума","false","no individual charge pool","Ячейки или заговор; отдельный срок не назначается","false"
"spell","SPELL-VAR-SPELL-0182-deafness","Глухота/Слепота — Глухота","false","no individual charge pool","Ячейки или заговор; отдельный срок не назначается","false"
"spell","SPELL-VAR-SPELL-0287-cha","Сглаз — Харизма","false","no individual charge pool","Ячейки или заговор; отдельный срок не назначается","false"
"spell","scrying","Наблюдение","false","no individual charge pool","Ячейки или заговор; отдельный срок не назначается","false"
"spell","SPELL-0284","Сверкающие брызги","false","no individual charge pool","Ячейки или заговор; отдельный срок не назначается","false"
"spell","telekinesis","Телекинез","false","no individual charge pool","Ячейки или заговор; отдельный срок не назначается","false"
"spell","SPELL-0237","Обнаружение добра и зла","false","no individual charge pool","Ячейки или заговор; отдельный срок не назначается","false"
"spell","SPELL-0289","Сияющая кара","false","no individual charge pool","Ячейки или заговор; отдельный срок не назначается","false"
"spell","astral_projection","Проекция в астрал","false","no individual charge pool","Ячейки или заговор; отдельный срок не назначается","false"
"spell","banishing_smite","Изгоняющая кара","false","no individual charge pool","Ячейки или заговор; отдельный срок не назначается","false"
"spell","SPELL-VAR-SPELL-0182-blindness","Глухота/Слепота — Слепота","false","no individual charge pool","Ячейки или заговор; отдельный срок не назначается","false"
"spell","power_word_fortify","Слово силы: укрепление","false","no individual charge pool","Ячейки или заговор; отдельный срок не назначается","false"
"spell","SPELL-0196","Духовное оружие","false","no individual charge pool","Ячейки или заговор; отдельный срок не назначается","false"
"spell","SPELL-VAR-elemental-weapon-lightning","Стихийное оружие — Электричество","false","no individual charge pool","Ячейки или заговор; отдельный срок не назначается","false"
"spell","SPELL-0195","Дубовая кожа","false","no individual charge pool","Ячейки или заговор; отдельный срок не назначается","false"
"spell","mislead","Фальшивый двойник","false","no individual charge pool","Ячейки или заговор; отдельный срок не назначается","false"
"spell","SPELL-0227","Молебен лечения","false","recipient restriction","Получатель: до долгого отдыха; не восстановление заряда заклинания","false"
"spell","clairvoyance","Подсматривание","false","no individual charge pool","Ячейки или заговор; отдельный срок не назначается","false"
"spell","SPELL-0279","Раскалённый металл","false","no individual charge pool","Ячейки или заговор; отдельный срок не назначается","false"
"spell","SPELL-VAR-SPELL-0230-animal-handling","Наставление — Уход за животными","false","no individual charge pool","Ячейки или заговор; отдельный срок не назначается","false"
"spell","SPELL-VAR-SPELL-0288-audible","Сигнал тревоги — Слышимая тревога","false","no individual charge pool","Ячейки или заговор; отдельный срок не назначается","false"
"spell","SPELL-VAR-SPELL-0230-nature","Наставление — Природа","false","no individual charge pool","Ячейки или заговор; отдельный срок не назначается","false"
"spell","prismatic_wall","Радужная стена","false","no individual charge pool","Ячейки или заговор; отдельный срок не назначается","false"
"spell","power_word_stun","Слово силы: ошеломление","false","no individual charge pool","Ячейки или заговор; отдельный срок не назначается","false"
"spell","SPELL-0312","Уход за умирающим","false","no individual charge pool","Ячейки или заговор; отдельный срок не назначается","false"
"spell","speak_with_dead","Разговор с мёртвыми","false","no individual charge pool","Ячейки или заговор; отдельный срок не назначается","false"
"spell","forbiddance","Запрет","false","no individual charge pool","Ячейки или заговор; отдельный срок не назначается","false"
"spell","SPELL-0194","Дубинка","false","no individual charge pool","Ячейки или заговор; отдельный срок не назначается","false"
"spell","SPELL-0210","Левитация","false","no individual charge pool","Ячейки или заговор; отдельный срок не назначается","false"
"spell","mirage_arcane","Таинственный мираж","false","no individual charge pool","Ячейки или заговор; отдельный срок не назначается","false"
"spell","SPELL-VAR-thaumaturgy-flame","Чудотворство — Игра с огнём","false","no individual charge pool","Ячейки или заговор; отдельный срок не назначается","false"
"spell","SPELL-0303","Туманное облако","false","no individual charge pool","Ячейки или заговор; отдельный срок не назначается","false"
"spell","sunbeam","Солнечный луч","false","no individual charge pool","Ячейки или заговор; отдельный срок не назначается","false"
"spell","project_image","Проекция","false","no individual charge pool","Ячейки или заговор; отдельный срок не назначается","false"
"spell","SPELL-0310","Умиротворение","false","no individual charge pool","Ячейки или заговор; отдельный срок не назначается","false"
"spell","SPELL-0221","Малое восстановление","false","no individual charge pool","Ячейки или заговор; отдельный срок не назначается","false"
"spell","SPELL-0179","Вызов на дуэль","false","no individual charge pool","Ячейки или заговор; отдельный срок не назначается","false"
"spell","arcane_gate","Магические врата","false","no individual charge pool","Ячейки или заговор; отдельный срок не назначается","false"
"spell","SPELL-0267","Порча","false","no individual charge pool","Ячейки или заговор; отдельный срок не назначается","false"
"spell","revivify","Возрождение","false","no individual charge pool","Ячейки или заговор; отдельный срок не назначается","false"
"spell","true_resurrection","Истинное воскрешение","false","no individual charge pool","Ячейки или заговор; отдельный срок не назначается","false"
"spell","SPELL-0317","Щит","false","no individual charge pool","Ячейки или заговор; отдельный срок не назначается","false"
"spell","SPELL-0231","Невидимость","false","no individual charge pool","Ячейки или заговор; отдельный срок не назначается","false"
"spell","summon_undead","Вызов Нежити","false","no individual charge pool","Ячейки или заговор; отдельный срок не назначается","false"
"spell","lightning_bolt","Молния","false","no individual charge pool","Ячейки или заговор; отдельный срок не назначается","false"
"spell","fabricate","Изготовление","false","no individual charge pool","Ячейки или заговор; отдельный срок не назначается","false"
"spell","SPELL-0190","Доспехи мага","false","no individual charge pool","Ячейки или заговор; отдельный срок не назначается","false"
"spell","SPELL-VAR-protection-from-energy-fire","Защита от энергии — Огонь","false","no individual charge pool","Ячейки или заговор; отдельный срок не назначается","false"
"spell","SPELL-VAR-SPELL-0309-wis","Улучшение характеристики — Мудрость","false","no individual charge pool","Ячейки или заговор; отдельный срок не назначается","false"
"spell","minor_illusion","Малая иллюзия","false","no individual charge pool","Ячейки или заговор; отдельный срок не назначается","false"
"spell","harm","Поражение","false","no individual charge pool","Ячейки или заговор; отдельный срок не назначается","false"
"spell","SPELL-0215","Лунный луч","false","no individual charge pool","Ячейки или заговор; отдельный срок не назначается","false"
"spell","SPELL-0213","Лечащее слово","false","no individual charge pool","Ячейки или заговор; отдельный срок не назначается","false"
"spell","antimagic_field","Поле антимагии","false","no individual charge pool","Ячейки или заговор; отдельный срок не назначается","false"
"spell","charm_monster","Очарование чудовища","false","no individual charge pool","Ячейки или заговор; отдельный срок не назначается","false"
"spell","blade_barrier","Стена клинков","false","no individual charge pool","Ячейки или заговор; отдельный срок не назначается","false"
"spell","SPELL-VAR-SPELL-0309-int","Улучшение характеристики — Интеллект","false","no individual charge pool","Ячейки или заговор; отдельный срок не назначается","false"
"spell","tashas_bubbling_cauldron","Бурлящий котёл Таши","false","no individual charge pool","Ячейки или заговор; отдельный срок не назначается","false"
"spell","mass_suggestion","Множественное внушение","false","no individual charge pool","Ячейки или заговор; отдельный срок не назначается","false"
"spell","SPELL-VAR-SPELL-0315-cold","Чародейский выброс — Холод","false","no individual charge pool","Ячейки или заговор; отдельный срок не назначается","false"
"spell","simulacrum","Подобие","false","no individual charge pool","Ячейки или заговор; отдельный срок не назначается","false"
"spell","chill_touch","Леденящее прикосновение","false","no individual charge pool","Ячейки или заговор; отдельный срок не назначается","false"
"spell","create_food_and_water","Сотворение пищи и воды","false","no individual charge pool","Ячейки или заговор; отдельный срок не назначается","false"
"spell","SPELL-0483","Воплощение силы","false","no individual charge pool","Ячейки или заговор; отдельный срок не назначается","false"
"spell","prestidigitation","Фокусы","false","no individual charge pool","Ячейки или заговор; отдельный срок не назначается","false"
"spell","SPELL-0239","Обнаружение мыслей","false","no individual charge pool","Ячейки или заговор; отдельный срок не назначается","false"
"spell","weird","Смертный ужас","false","no individual charge pool","Ячейки или заговор; отдельный срок не назначается","false"
"spell","SPELL-VAR-SPELL-0287-wis","Сглаз — Мудрость","false","no individual charge pool","Ячейки или заговор; отдельный срок не назначается","false"
"spell","commune_with_nature","Общение с природой","false","no individual charge pool","Ячейки или заговор; отдельный срок не назначается","false"
"spell","guards_and_wards","Стражи и обереги","false","no individual charge pool","Ячейки или заговор; отдельный срок не назначается","false"
"spell","SPELL-0170","Внушение","false","no individual charge pool","Ячейки или заговор; отдельный срок не назначается","false"
"spell","slow","Замедление","false","no individual charge pool","Ячейки или заговор; отдельный срок не назначается","false"
"spell","blinding_smite","Ослепляющая кара","false","no individual charge pool","Ячейки или заговор; отдельный срок не назначается","false"
"spell","SPELL-VAR-SPELL-0272-halt","Приказ — Стой","false","no individual charge pool","Ячейки или заговор; отдельный срок не назначается","false"
"spell","leomunds_tiny_hut","Хижина Леомунда","false","no individual charge pool","Ячейки или заговор; отдельный срок не назначается","false"
"spell","SPELL-VAR-SPELL-0230-investigation","Наставление — Расследование","false","no individual charge pool","Ячейки или заговор; отдельный срок не назначается","false"
"spell","SPELL-0283","Руки Хадара","false","no individual charge pool","Ячейки или заговор; отдельный срок не назначается","false"
"spell","SPELL-VAR-SPELL-0315-lightning","Чародейский выброс — Электричество","false","no individual charge pool","Ячейки или заговор; отдельный срок не назначается","false"
"spell","SPELL-VAR-SPELL-0288-mental","Сигнал тревоги — Мысленная тревога","false","no individual charge pool","Ячейки или заговор; отдельный срок не назначается","false"
"spell","SPELL-VAR-greater-restoration-petrified","Высшее восстановление — Снять Окаменение","false","no individual charge pool","Ячейки или заговор; отдельный срок не назначается","false"
"spell","summon_dragon","Вызов Дракона","false","no individual charge pool","Ячейки или заговор; отдельный срок не назначается","false"
"spell","create_undead","Сотворение нежити","false","no individual charge pool","Ячейки или заговор; отдельный срок не назначается","false"
"spell","daylight","Дневной свет","false","no individual charge pool","Ячейки или заговор; отдельный срок не назначается","false"
"spell","sleet_storm","Метель","false","no individual charge pool","Ячейки или заговор; отдельный срок не назначается","false"
"spell","gaseous_form","Газообразная форма","false","no individual charge pool","Ячейки или заговор; отдельный срок не назначается","false"
"spell","ice_storm","Град","false","no individual charge pool","Ячейки или заговор; отдельный срок не назначается","false"
"spell","SPELL-0218","Луч холода","false","no individual charge pool","Ячейки или заговор; отдельный срок не назначается","false"
"spell","dominate_person","Подчинение личности","false","no individual charge pool","Ячейки или заговор; отдельный срок не назначается","false"
"spell","SPELL-0172","Волшебная аура Нистула","false","no individual charge pool","Ячейки или заговор; отдельный срок не назначается","false"
"spell","SPELL-VAR-greater-restoration-curse","Высшее восстановление — Снять проклятие","false","no individual charge pool","Ячейки или заговор; отдельный срок не назначается","false"
"spell","SPELL-VAR-SPELL-0230-arcana","Наставление — Магия","false","no individual charge pool","Ячейки или заговор; отдельный срок не назначается","false"
"spell","spirit_guardians","Духовные стражи","false","no individual charge pool","Ячейки или заговор; отдельный срок не назначается","false"
"spell","power_word_heal","Слово силы: исцеление","false","no individual charge pool","Ячейки или заговор; отдельный срок не назначается","false"
"spell","SPELL-VAR-contagion-con","Заражение — Телосложение","false","no individual charge pool","Ячейки или заговор; отдельный срок не назначается","false"
"spell","sequester","Изоляция","false","no individual charge pool","Ячейки или заговор; отдельный срок не назначается","false"
"spell","SPELL-0314","Цветной шарик","false","no individual charge pool","Ячейки или заговор; отдельный срок не назначается","false"
"spell","magic_circle","Магический круг","false","no individual charge pool","Ячейки или заговор; отдельный срок не назначается","false"
"spell","lightning_arrow","Молниевая стрела","false","no individual charge pool","Ячейки или заговор; отдельный срок не назначается","false"
"spell","SPELL-0255","Палящий луч","false","no individual charge pool","Ячейки или заговор; отдельный срок не назначается","false"
"spell","SPELL-VAR-SPELL-0296-destroy-container","Сотворение или уничтожение воды — Уничтожить воду в ёмкости","false","no individual charge pool","Ячейки или заговор; отдельный срок не назначается","false"
"spell","phantom_steed","Призрачный скакун","false","no individual charge pool","Ячейки или заговор; отдельный срок не назначается","false"
"spell","SPELL-0212","Ледяной кинжал","false","no individual charge pool","Ячейки или заговор; отдельный срок не назначается","false"
"spell","false_life","Псевдожизнь","false","no individual charge pool","Ячейки или заговор; отдельный срок не назначается","false"
"spell","tree_stride","Древесный путь","false","no individual charge pool","Ячейки или заговор; отдельный срок не назначается","false"
"spell","plant_growth","Рост растений","false","no individual charge pool","Ячейки или заговор; отдельный срок не назначается","false"
"spell","SPELL-VAR-SPELL-0272-grovel","Приказ — Падай","false","no individual charge pool","Ячейки или заговор; отдельный срок не назначается","false"
"spell","contingency","Предосторожность","false","no individual charge pool","Ячейки или заговор; отдельный срок не назначается","false"
"spell","SPELL-VAR-SPELL-0296-create-container","Сотворение или уничтожение воды — Создать воду в ёмкости","false","no individual charge pool","Ячейки или заговор; отдельный срок не назначается","false"
"spell","SPELL-0189","Доспех Агатиса","false","no individual charge pool","Ячейки или заговор; отдельный срок не назначается","false"
"spell","SPELL-0224","Меткий удар","false","no individual charge pool","Ячейки или заговор; отдельный срок не назначается","false"
"spell","bestow_curse","Проклятие","false","no individual charge pool","Ячейки или заговор; отдельный срок не назначается","false"
"spell","tongues","Языки","false","no individual charge pool","Ячейки или заговор; отдельный срок не назначается","false"
"spell","SPELL-VAR-SPELL-0314-thunder","Цветной шарик — Звук","false","no individual charge pool","Ячейки или заговор; отдельный срок не назначается","false"
"spell","SPELL-VAR-protection-from-energy-thunder","Защита от энергии — Звук","false","no individual charge pool","Ячейки или заговор; отдельный срок не назначается","false"
"spell","longstrider","Скороход","false","no individual charge pool","Ячейки или заговор; отдельный срок не назначается","false"
"spell","antipathy_sympathy","Антипатия/симпатия","false","no individual charge pool","Ячейки или заговор; отдельный срок не назначается","false"
"spell","SPELL-VAR-contagion-dex","Заражение — Ловкость","false","no individual charge pool","Ячейки или заговор; отдельный срок не назначается","false"
"spell","SPELL-0268","Порыв ветра","false","no individual charge pool","Ячейки или заговор; отдельный срок не назначается","false"
"spell","SPELL-0164","Божественная кара","false","no individual charge pool","Ячейки или заговор; отдельный срок не назначается","false"
"spell","SPELL-VAR-fire-shield-cold","Огненный щит — Холодный","false","no individual charge pool","Ячейки или заговор; отдельный срок не назначается","false"
"spell","aura_of_purity","Аура очищения","false","no individual charge pool","Ячейки или заговор; отдельный срок не назначается","false"
